START TIME:2025-07-27 10:16:31,
STEP-02 Resistance,
,
TIME(S),R(OHM)
202.467,1070580
202.509,1070580
202.543,1070580
202.585,1070580
202.619,1070581
202.653,1070580
202.688,1070580
202.728,1070581
202.762,1070580
202.805,1070581
202.839,1070581
202.874,1070580
202.916,1070581
202.95,1070581
202.984,1070580
203.024,1070581
203.058,1070581
203.092,1070581
203.134,1070581
203.168,1070581
203.202,1070581
203.245,1070581
203.279,1070582
203.313,1070581
203.355,1070581
203.389,1070582
203.423,1070582
203.464,1070582
203.498,1070582
203.532,1070582
203.575,1070582
203.609,1070583
203.651,1070582
203.685,1070582
203.72,1070582
203.762,1070582
203.796,1070583
203.83,1070583
203.873,1070583
203.906,1070583
203.941,1070583
203.983,1070583
204.017,1070583
204.051,1070583
204.093,1070583
204.127,1070584
204.161,1070584
204.203,1070584
204.237,1070584
204.271,1070584
204.313,1070584
204.347,1070584
204.382,1070584
204.424,1070584
204.457,1070584
204.491,1070585
204.532,1070584
204.567,1070585
204.601,1070585
204.642,1070585
204.676,1070585
204.71,1070585
204.752,1070585
204.787,1070585
204.821,1070585
204.862,1070585
204.896,1070585
204.93,1070585
204.973,1070585
205.007,1070585
205.049,1070585
205.084,1070585
205.118,1070585
205.152,1070585
205.194,1070586
205.227,1070586
205.262,1070586
205.303,1070586
205.337,1070586
205.38,1070585
205.414,1070586
205.448,1070586
205.482,1070586
205.524,1070586
205.558,1070586
205.592,1070586
205.633,1070586
205.667,1070586
205.709,1070586
205.743,1070587
205.777,1070586
205.811,1070586
205.853,1070587
205.887,1070587
205.921,1070587
205.963,1070587
205.997,1070587
206.039,1070587
206.073,1070587
206.107,1070587
206.149,1070587
206.183,1070587
206.217,1070587
206.259,1070587
206.293,1070587
206.327,1070587
206.37,1070587
206.404,1070587
206.446,1070587
206.48,1070588
206.515,1070588
206.557,1070588
206.591,1070587
206.625,1070588
206.668,1070588
206.701,1070588
206.736,1070589
206.779,1070589
206.813,1070588
206.855,1070588
206.889,1070589
206.924,1070588
206.965,1070588
206.999,1070589
207.033,1070589
207.075,1070589
207.109,1070589
207.143,1070589
207.185,1070589
207.219,1070589
207.253,1070589
207.296,1070589
207.33,1070590
207.364,1070589
207.398,1070589
207.44,1070589
207.474,1070590
207.516,1070589
207.551,1070590
207.585,1070590
207.619,1070590
207.661,1070590
207.695,1070590
207.729,1070590
207.772,1070590
207.806,1070591
207.848,1070590
207.884,1070590
207.918,1070591
207.96,1070590
207.995,1070591
208.029,1070590
208.063,1070591
208.105,1070591
208.139,1070592
208.182,1070591
208.218,1070591
208.26,1070591
208.3,1070591
208.34,1070591
208.381,1070591
208.418,1070591
208.452,1070592
208.487,1070591
208.522,1070592
208.562,1070592
208.603,1070592
208.642,1070592
208.683,1070592
208.72,1070592
208.761,1070592
208.798,1070592
208.832,1070592
208.873,1070593
208.908,1070593
208.942,1070592
208.976,1070592
209.018,1070593
209.053,1070593
209.095,1070593
209.129,1070594
209.163,1070593
209.204,1070593
209.24,1070593
209.273,1070594
209.307,1070594
209.35,1070594
209.383,1070594
209.423,1070594
209.46,1070594
209.501,1070594
209.538,1070594
209.573,1070595
209.615,1070594
209.649,1070594
209.683,1070595
209.724,1070594
209.758,1070594
209.792,1070595
209.835,1070594
209.869,1070595
209.911,1070595
209.947,1070595
209.98,1070595
210.022,1070595
210.057,1070595
210.091,1070595
210.133,1070596
210.167,1070595
210.201,1070595
210.243,1070595
210.278,1070595
210.319,1070596
210.353,1070596
210.387,1070596
210.428,1070596
210.463,1070596
210.497,1070596
210.538,1070596
210.572,1070596
210.606,1070596
210.649,1070596
210.683,1070596
210.717,1070596
210.759,1070596
210.793,1070596
210.827,1070596
210.868,1070596
210.902,1070596
210.936,1070597
210.979,1070597
211.013,1070597
211.055,1070597
211.089,1070597
211.123,1070597
211.166,1070597
211.2,1070598
211.234,1070597
211.268,1070598
211.308,1070597
211.342,1070598
211.384,1070598
211.419,1070598
211.453,1070598
211.495,1070598
211.529,1070598
211.563,1070598
211.604,1070598
211.638,1070598
211.672,1070598
211.715,1070598
211.749,1070599
211.792,1070599
211.828,1070599
211.871,1070599
211.911,1070599
211.949,1070599
211.983,1070599
212.017,1070599
212.059,1070599
212.094,1070599
212.132,1070599
212.168,1070599
212.21,1070599
212.248,1070600
212.282,1070600
212.323,1070600
212.359,1070600
212.393,1070600
212.427,1070600
212.469,1070600
212.503,1070600
212.543,1070599
212.579,1070599
212.621,1070600
212.657,1070600
212.692,1070600
212.733,1070600
212.767,1070600
212.801,1070600
212.836,1070600
212.877,1070601
212.91,1070600
212.952,1070601
212.987,1070601
213.021,1070600
213.055,1070600
213.097,1070601
213.131,1070600
213.165,1070601
213.207,1070601
213.24,1070601
213.283,1070601
213.317,1070601
213.351,1070601
213.385,1070601
213.427,1070601
213.461,1070601
213.495,1070601
213.536,1070601
213.57,1070602
213.612,1070602
213.647,1070602
213.681,1070602
213.715,1070602
213.756,1070602
213.79,1070602
213.824,1070602
213.866,1070602
213.9,1070603
213.942,1070603
213.976,1070603
214.011,1070603
214.053,1070603
214.087,1070603
214.121,1070603
214.164,1070603
214.197,1070604
214.231,1070604
214.274,1070603
214.308,1070603
214.351,1070603
214.386,1070603
214.421,1070604
214.461,1070604
214.495,1070604
214.529,1070604
214.571,1070604
214.606,1070604
214.649,1070604
214.687,1070604
214.727,1070605
214.767,1070605
214.805,1070605
214.847,1070605
214.885,1070605
214.919,1070605
214.96,1070605
214.996,1070605
215.03,1070605
215.064,1070606
215.106,1070605
215.141,1070605
215.179,1070606
215.217,1070606
215.259,1070606
215.295,1070606
215.329,1070606
215.371,1070606
215.405,1070606
215.439,1070606
215.473,1070606
215.516,1070606
215.549,1070606
215.592,1070607
215.626,1070607
215.66,1070607
215.702,1070607
215.736,1070607
215.77,1070607
215.811,1070607
215.844,1070607
215.879,1070608
215.921,1070608
215.955,1070607
215.989,1070608
216.03,1070608
216.064,1070608
216.099,1070608
216.133,1070608
216.175,1070608
216.208,1070608
216.251,1070608
216.285,1070608
216.319,1070608
216.36,1070609
216.394,1070608
216.429,1070608
216.463,1070609
216.505,1070609
216.539,1070609
216.581,1070609
216.615,1070609
216.649,1070609
216.692,1070609
216.726,1070609
216.76,1070609
216.802,1070610
216.836,1070609
216.87,1070609
216.912,1070609
216.946,1070610
216.988,1070610
217.022,1070610
217.057,1070610
217.091,1070610
217.132,1070610
217.166,1070610
217.2,1070610
217.242,1070610
217.276,1070610
217.318,1070610
217.353,1070610
217.387,1070610
217.421,1070610
217.462,1070611
217.496,1070611
217.53,1070611
217.572,1070611
217.606,1070611
217.648,1070611
217.682,1070611
217.716,1070612
217.751,1070612
217.791,1070611
217.825,1070612
217.859,1070612
217.902,1070612
217.936,1070612
217.978,1070612
218.012,1070613
218.046,1070612
218.089,1070612
218.123,1070612
218.157,1070613
218.198,1070613
218.232,1070613
218.266,1070613
218.308,1070613
218.343,1070613
218.377,1070613
218.417,1070613
218.451,1070613
218.485,1070614
218.528,1070613
218.561,1070613
218.595,1070613
218.638,1070614
218.672,1070614
218.706,1070615
218.747,1070614
218.782,1070614
218.816,1070614
218.857,1070614
218.891,1070614
218.925,1070614
218.968,1070614
219.003,1070614
219.045,1070614
219.08,1070614
219.114,1070615
219.156,1070615
219.19,1070615
219.224,1070614
219.266,1070615
219.3,1070615
219.335,1070615
219.377,1070615
219.411,1070615
219.445,1070616
219.488,1070615
219.522,1070615
219.556,1070616
219.597,1070616
219.631,1070616
219.665,1070616
219.707,1070616
219.741,1070616
219.784,1070616
219.818,1070616
219.852,1070616
219.894,1070617
219.928,1070617
219.962,1070616
220.002,1070617
220.036,1070617
220.07,1070617
220.112,1070617
220.146,1070617
220.188,1070617
220.223,1070617
220.257,1070617
220.297,1070617
220.331,1070617
220.366,1070617
220.4,1070617
220.441,1070617
220.475,1070617
220.517,1070617
220.552,1070617
220.586,1070617
220.628,1070618
220.662,1070618
220.696,1070618
220.739,1070618
220.772,1070618
220.806,1070618
220.848,1070618
220.883,1070618
220.917,1070618
220.958,1070618
220.992,1070619
221.027,1070619
221.061,1070619
221.102,1070619
221.136,1070618
221.178,1070619
221.212,1070619
221.246,1070619
221.287,1070619
221.321,1070619
221.355,1070619
221.396,1070619
221.43,1070620
221.465,1070619
221.507,1070620
221.541,1070620
221.575,1070619
221.616,1070620
221.65,1070620
221.684,1070620
221.726,1070620
221.759,1070620
221.794,1070620
221.836,1070620
221.87,1070621
221.904,1070620
221.946,1070620
221.98,1070620
222.014,1070620
222.056,1070620
222.09,1070621
222.124,1070620
222.165,1070621
222.203,1070621
222.244,1070621
222.284,1070622
222.32,1070622
222.355,1070621
222.389,1070621
222.43,1070621
222.464,1070622
222.505,1070622
222.54,1070622
222.573,1070622
222.615,1070622
222.649,1070622
222.683,1070623
222.726,1070622
222.76,1070623
222.794,1070622
222.834,1070622
222.868,1070623
222.902,1070623
222.944,1070623
222.978,1070623
223.012,1070623
223.054,1070623
223.087,1070623
223.122,1070624
223.162,1070624
223.198,1070624
223.24,1070624
223.281,1070625
223.319,1070625
223.36,1070625
223.397,1070625
223.431,1070625
223.465,1070624
223.507,1070625
223.541,1070625
223.581,1070625
223.616,1070625
223.658,1070625
223.694,1070626
223.728,1070625
223.77,1070626
223.804,1070626
223.838,1070626
223.881,1070626
223.914,1070626
223.949,1070626
223.991,1070626
224.025,1070626
224.067,1070627
224.102,1070626
224.136,1070626
224.17,1070626
224.212,1070627
224.246,1070627
224.28,1070627
224.322,1070627
224.356,1070627
224.399,1070627
224.433,1070627
224.467,1070627
224.501,1070627
224.544,1070628
224.578,1070628
224.613,1070628
224.655,1070628
224.689,1070628
224.731,1070628
224.766,1070628
224.8,1070628
224.842,1070628
224.876,1070628
224.91,1070628
224.949,1070628
224.984,1070629
225.018,1070629
225.059,1070629
225.093,1070629
225.136,1070629
225.176,1070629
225.215,1070629
225.257,1070630
225.294,1070630
225.328,1070630
225.362,1070630
225.402,1070630
225.436,1070630
225.478,1070630
225.513,1070630
225.547,1070630
225.588,1070630
225.624,1070630
225.658,1070630
225.692,1070630
225.734,1070630
225.768,1070631
225.808,1070631
225.845,1070631
225.887,1070631
225.923,1070631
225.956,1070631
225.998,1070631
226.033,1070632
226.067,1070631
226.101,1070632
226.143,1070631
226.176,1070632
226.219,1070632
226.253,1070632
226.287,1070632
226.322,1070633
226.361,1070632
226.395,1070632
226.429,1070632
226.471,1070633
226.506,1070633
226.54,1070633
226.581,1070633
226.615,1070633
226.649,1070633
226.684,1070634
226.725,1070634
226.76,1070634
226.8,1070634
226.834,1070633
226.869,1070633
226.912,1070634
226.945,1070634
226.979,1070634
227.013,1070634
227.053,1070634
227.087,1070634
227.13,1070635
227.164,1070634
227.206,1070635
227.241,1070635
227.275,1070635
227.317,1070635
227.352,1070635
227.386,1070635
227.42,1070635
227.461,1070635
227.495,1070635
227.537,1070635
227.571,1070636
227.606,1070636
227.64,1070636
227.679,1070636
227.713,1070636
227.755,1070636
227.79,1070637
227.824,1070636
227.866,1070636
227.901,1070637
227.935,1070637
227.976,1070636
228.01,1070636
228.044,1070637
228.087,1070637
228.12,1070637
228.155,1070637
228.197,1070637
228.231,1070638
228.265,1070638
228.307,1070637
228.341,1070638
228.375,1070638
228.416,1070638
228.45,1070638
228.484,1070638
228.527,1070638
228.561,1070638
228.603,1070639
228.638,1070639
228.672,1070639
228.706,1070639
228.749,1070639
228.782,1070639
228.817,1070639
228.857,1070639
228.891,1070639
228.934,1070639
228.968,1070639
229.002,1070639
229.037,1070640
229.079,1070639
229.113,1070640
229.147,1070640
229.188,1070640
229.222,1070640
229.264,1070640
229.297,1070640
229.331,1070640
229.374,1070641
229.407,1070640
229.441,1070640
229.484,1070640
229.518,1070641
229.552,1070641
229.594,1070641
229.627,1070641
229.661,1070641
229.704,1070641
229.737,1070641
229.771,1070642
229.813,1070642
229.847,1070642
229.881,1070642
229.922,1070642
229.955,1070642
229.997,1070642
230.032,1070642
230.066,1070642
230.1,1070642
230.14,1070643
230.174,1070643
230.208,1070643
230.249,1070643
230.283,1070643
230.317,1070643
230.357,1070643
230.391,1070643
230.426,1070643
230.467,1070643
230.501,1070643
230.535,1070643
230.577,1070644
230.61,1070644
230.652,1070644
230.686,1070644
230.72,1070643
230.754,1070644
230.797,1070644
230.83,1070644
230.864,1070644
230.907,1070644
230.941,1070644
230.983,1070644
231.018,1070644
231.052,1070645
231.094,1070645
231.128,1070644
231.162,1070645
231.196,1070645
231.238,1070645
231.271,1070645
231.313,1070645
231.348,1070646
231.382,1070646
231.424,1070645
231.458,1070646
231.492,1070646
231.526,1070646
231.568,1070646
231.602,1070646
231.636,1070646
231.678,1070646
231.712,1070646
231.746,1070646
231.789,1070646
231.823,1070646
231.857,1070646
231.899,1070646
231.933,1070647
231.975,1070647
232.009,1070647
232.043,1070647
232.077,1070647
232.12,1070647
232.153,1070648
232.187,1070647
232.226,1070648
232.261,1070647
232.294,1070648
232.335,1070648
232.37,1070648
232.404,1070648
232.438,1070648
232.48,1070648
232.514,1070648
232.553,1070648
232.591,1070648
232.633,1070648
232.669,1070648
232.71,1070648
232.745,1070648
232.779,1070649
232.821,1070649
232.856,1070648
232.89,1070649
232.924,1070649
232.966,1070649
233,1070649
233.042,1070649
233.076,1070649
233.11,1070649
233.151,1070649
233.186,1070649
233.22,1070649
233.254,1070650
233.296,1070650
233.33,1070650
233.369,1070650
233.406,1070650
233.448,1070650
233.484,1070650
233.518,1070650
233.56,1070650
233.594,1070651
233.628,1070650
233.662,1070651
233.705,1070651
233.739,1070651
233.779,1070651
233.815,1070651
233.856,1070651
233.894,1070651
233.928,1070651
233.968,1070651
234.003,1070651
234.038,1070651
234.072,1070651
234.114,1070651
234.147,1070651
234.187,1070651
234.225,1070651
234.267,1070652
234.302,1070652
234.336,1070652
234.378,1070652
234.412,1070652
234.447,1070652
234.481,1070652
234.523,1070653
234.556,1070652
234.59,1070652
234.632,1070652
234.666,1070653
234.7,1070653
234.734,1070653
234.774,1070653
234.808,1070653
234.85,1070653
234.884,1070653
234.918,1070653
234.961,1070653
234.994,1070653
235.028,1070654
235.071,1070654
235.104,1070653
235.138,1070654
235.181,1070654
235.214,1070654
235.249,1070654
235.29,1070654
235.324,1070654
235.358,1070654
235.401,1070654
235.435,1070654
235.469,1070654
235.511,1070654
235.545,1070654
235.579,1070655
235.62,1070654
235.654,1070655
235.688,1070655
235.73,1070655
235.763,1070655
235.798,1070655
235.839,1070655
235.874,1070656
235.908,1070655
235.95,1070656
235.984,1070655
236.018,1070656
236.06,1070656
236.093,1070656
236.127,1070656
236.17,1070656
236.204,1070656
236.238,1070656
236.28,1070656
236.313,1070656
236.348,1070656
236.39,1070656
236.424,1070656
236.458,1070657
236.5,1070656
236.534,1070657
236.576,1070657
236.611,1070657
236.645,1070657
236.679,1070657
236.721,1070656
236.755,1070657
236.789,1070657
236.831,1070657
236.864,1070657
236.907,1070657
236.942,1070658
236.976,1070657
237.017,1070657
237.051,1070658
237.085,1070658
237.12,1070658
237.161,1070658
237.194,1070658
237.236,1070658
237.272,1070658
237.305,1070658
237.347,1070658
237.382,1070658
237.416,1070658
237.458,1070659
237.492,1070659
237.526,1070658
237.568,1070659
237.602,1070659
237.636,1070659
237.679,1070659
237.713,1070659
237.747,1070659
237.788,1070660
237.822,1070660
237.856,1070660
237.898,1070659
237.932,1070660
237.974,1070659
238.009,1070659
238.042,1070660
238.077,1070660
238.119,1070659
238.153,1070660
238.187,1070660
238.228,1070661
238.262,1070661
238.304,1070660
238.339,1070660
238.373,1070660
238.407,1070661
238.449,1070661
238.482,1070661
238.516,1070661
238.559,1070661
238.593,1070661
238.635,1070661
238.669,1070660
238.703,1070661
238.746,1070661
238.78,1070661
238.814,1070661
238.856,1070661
238.89,1070661
238.924,1070662
238.966,1070661
239,1070661
239.034,1070661
239.077,1070662
239.111,1070662
239.146,1070662
239.187,1070662
239.221,1070662
239.255,1070662
239.296,1070662
239.33,1070662
239.372,1070662
239.406,1070662
239.44,1070663
239.474,1070663
239.515,1070663
239.549,1070663
239.583,1070663
239.625,1070663
239.659,1070663
239.701,1070663
239.735,1070663
239.769,1070664
239.803,1070664
239.845,1070663
239.879,1070663
239.913,1070664
239.955,1070664
239.988,1070664
240.03,1070664
240.065,1070664
240.099,1070664
240.133,1070664
240.173,1070665
240.206,1070664
240.241,1070664
240.283,1070664
240.317,1070665
240.359,1070664
240.393,1070665
240.427,1070665
240.461,1070665
240.502,1070665
240.536,1070665
240.57,1070666
240.612,1070665
240.646,1070665
240.688,1070666
240.723,1070665
240.756,1070666
240.79,1070666
240.832,1070666
240.866,1070666
240.9,1070666
240.942,1070666
240.976,1070666
241.018,1070666
241.052,1070666
241.086,1070666
241.12,1070666
241.162,1070667
241.195,1070667
241.229,1070667
241.272,1070667
241.305,1070667
241.347,1070667
241.381,1070667
241.415,1070667
241.449,1070668
241.491,1070667
241.525,1070668
241.559,1070668
241.601,1070668
241.634,1070668
241.676,1070668
241.712,1070668
241.746,1070668
241.788,1070668
241.822,1070668
241.856,1070669
241.898,1070668
241.932,1070669
241.966,1070668
242.008,1070669
242.042,1070669
242.085,1070669
242.12,1070669
242.154,1070669
242.195,1070669
242.229,1070669
242.264,1070669
242.304,1070670
242.338,1070670
242.372,1070670
242.414,1070670
242.448,1070670
242.49,1070670
242.524,1070671
242.558,1070670
242.601,1070670
242.635,1070671
242.678,1070671
242.712,1070671
242.746,1070671
242.787,1070671
242.822,1070671
242.856,1070671
242.898,1070671
242.932,1070671
242.966,1070672
243.007,1070672
243.041,1070672
243.075,1070672
243.115,1070672
243.15,1070672
243.184,1070672
243.226,1070672
243.26,1070673
243.303,1070673
243.343,1070673
243.382,1070673
243.424,1070672
243.46,1070673
243.502,1070673
243.538,1070673
243.573,1070674
243.614,1070673
243.648,1070673
243.682,1070674
243.724,1070673
243.757,1070674
243.791,1070673
243.833,1070674
243.868,1070674
243.902,1070674
243.942,1070675
243.976,1070674
244.01,1070674
244.053,1070675
244.087,1070675
244.129,1070675
244.163,1070675
244.197,1070675
244.231,1070676
244.27,1070676
244.304,1070676
244.338,1070676
244.38,1070675
244.414,1070676
244.448,1070676
244.49,1070676
244.524,1070676
244.558,1070676
244.599,1070676
244.633,1070676
244.667,1070676
244.709,1070676
244.743,1070676
244.777,1070677
244.818,1070677
244.852,1070677
244.886,1070677
244.928,1070677
244.961,1070677
244.995,1070678
245.036,1070678
245.071,1070677
245.113,1070678
245.147,1070678
245.181,1070678
245.221,1070678
245.255,1070678
245.289,1070678
245.331,1070678
245.365,1070678
245.399,1070678
245.44,1070679
245.474,1070679
245.508,1070678
245.55,1070679
245.584,1070679
245.618,1070679
245.66,1070678
245.694,1070679
245.728,1070679
245.77,1070679
245.804,1070680
245.846,1070680
245.887,1070679
245.924,1070680
245.966,1070680
246.003,1070679
246.037,1070680
246.071,1070680
246.113,1070680
246.147,1070680
246.187,1070680
246.224,1070680
246.266,1070680
246.303,1070680
246.338,1070680
246.379,1070681
246.413,1070681
246.446,1070680
246.48,1070680
246.522,1070681
246.556,1070681
246.598,1070681
246.633,1070681
246.666,1070681
246.707,1070681
246.743,1070681
246.776,1070682
246.81,1070681
246.853,1070682
246.887,1070682
246.926,1070681
246.963,1070682
247.005,1070682
247.039,1070682
247.073,1070681
247.107,1070681
247.15,1070682
247.183,1070682
247.218,1070683
247.259,1070683
247.293,1070683
247.335,1070682
247.369,1070682
247.403,1070682
247.438,1070683
247.478,1070683
247.512,1070683
247.546,1070683
247.588,1070683
247.622,1070684
247.664,1070683
247.699,1070683
247.733,1070684
247.775,1070684
247.809,1070684
247.843,1070685
247.877,1070684
247.919,1070685
247.952,1070685
247.994,1070684
248.028,1070685
248.063,1070685
248.097,1070685
248.138,1070685
248.171,1070685
248.205,1070685
248.247,1070685
248.281,1070685
248.315,1070686
248.358,1070686
248.392,1070686
248.426,1070686
248.468,1070687
248.501,1070686
248.536,1070686
248.576,1070686
248.61,1070686
248.652,1070687
248.687,1070687
248.721,1070687
248.764,1070687
248.798,1070687
248.832,1070687
248.874,1070688
248.908,1070688
248.95,1070688
248.99,1070688
249.029,1070688
249.071,1070688
249.106,1070688
249.148,1070688
249.185,1070688
249.219,1070688
249.26,1070688
249.295,1070688
249.328,1070689
249.362,1070689
249.403,1070689
249.437,1070689
249.48,1070688
249.514,1070689
249.548,1070690
249.589,1070690
249.623,1070690
249.657,1070690
249.692,1070690
249.732,1070690
249.765,1070690
249.807,1070690
249.842,1070690
249.877,1070690
249.918,1070690
249.953,1070690
249.987,1070690
250.021,1070691
250.063,1070691
250.097,1070691
250.131,1070691
250.173,1070691
250.206,1070691
250.241,1070692
250.282,1070691
250.316,1070692
250.35,1070692
250.392,1070692
250.426,1070692
250.468,1070692
250.502,1070692
250.536,1070692
250.571,1070693
250.61,1070693
250.644,1070693
250.678,1070693
250.72,1070693
250.754,1070693
250.788,1070693
250.83,1070693
250.864,1070693
250.898,1070694
250.941,1070694
250.974,1070694
251.008,1070694
251.051,1070694
251.085,1070694
251.127,1070694
251.162,1070694
251.196,1070694
251.238,1070694
251.272,1070694
251.306,1070695
251.34,1070695
251.381,1070695
251.415,1070696
251.457,1070695
251.491,1070695
251.525,1070696
251.56,1070696
251.601,1070695
251.635,1070696
251.669,1070696
251.711,1070696
251.745,1070696
251.787,1070696
251.822,1070696
251.857,1070696
251.898,1070697
251.933,1070696
251.967,1070696
252.01,1070697
252.043,1070697
252.077,1070697
252.119,1070697
252.153,1070697
252.187,1070698
252.229,1070697
252.263,1070698
252.297,1070698
252.34,1070698
252.373,1070698
252.407,1070698
252.45,1070698
252.484,1070699
252.526,1070699
252.56,1070699
252.594,1070699
252.628,1070699
252.669,1070699
252.703,1070699
252.737,1070699
252.779,1070700
252.813,1070700
252.856,1070700
252.89,1070700
252.924,1070700
252.966,1070700
253,1070700
253.034,1070701
253.075,1070700
253.109,1070700
253.143,1070700
253.186,1070701
253.22,1070701
253.262,1070701
253.302,1070701
253.341,1070701
253.382,1070701
253.419,1070701
253.453,1070701
253.487,1070701
253.529,1070701
253.563,1070702
253.597,1070702
253.638,1070702
253.672,1070702
253.707,1070702
253.748,1070702
253.782,1070702
253.816,1070702
253.857,1070703
253.891,1070703
253.933,1070702
253.967,1070702
254.001,1070703
254.035,1070703
254.075,1070703
254.109,1070704
254.143,1070703
254.185,1070704
254.219,1070703
254.253,1070704
254.295,1070704
254.329,1070704
254.363,1070704
254.405,1070704
254.439,1070704
254.473,1070704
254.516,1070704
254.549,1070705
254.591,1070704
254.626,1070704
254.66,1070705
254.694,1070705
254.735,1070705
254.768,1070705
254.802,1070705
254.845,1070705
254.879,1070705
254.921,1070705
254.955,1070705
254.989,1070705
255.031,1070705
255.065,1070706
255.099,1070705
255.141,1070705
255.175,1070706
255.209,1070705
255.251,1070706
255.285,1070706
255.319,1070706
255.361,1070706
255.395,1070707
255.429,1070707
255.469,1070706
255.503,1070707
255.537,1070706
255.58,1070707
255.614,1070707
255.648,1070707
255.689,1070707
255.723,1070707
255.758,1070707
255.797,1070707
255.831,1070707
255.865,1070708
255.907,1070708
255.947,1070708
255.986,1070708
256.019,1070708
256.053,1070708
256.093,1070708
256.128,1070709
256.161,1070709
256.202,1070709
256.237,1070708
256.272,1070709
256.306,1070709
256.347,1070709
256.382,1070709
256.421,1070709
256.458,1070709
256.499,1070710
256.535,1070710
256.569,1070710
256.611,1070710
256.645,1070710
256.679,1070710
256.713,1070710
256.755,1070711
256.789,1070710
256.831,1070711
256.865,1070711
256.899,1070711
256.94,1070711
256.975,1070711
257.009,1070711
257.051,1070711
257.085,1070711
257.119,1070711
257.16,1070711
257.193,1070711
257.235,1070711
257.27,1070711
257.304,1070711
257.338,1070712
257.38,1070712
257.414,1070712
257.448,1070712
257.49,1070712
257.523,1070712
257.565,1070712
257.6,1070712
257.634,1070712
257.668,1070712
257.71,1070713
257.743,1070713
257.778,1070712
257.818,1070713
257.852,1070713
257.894,1070713
257.928,1070713
257.962,1070714
258.005,1070714
258.039,1070713
258.073,1070713
258.115,1070714
258.148,1070713
258.183,1070713
258.225,1070714
258.259,1070714
258.293,1070714
258.335,1070714
258.369,1070714
258.403,1070714
258.445,1070715
258.478,1070715
258.512,1070715
258.554,1070715
258.587,1070715
258.629,1070715
258.664,1070715
258.698,1070715
258.74,1070715
258.775,1070715
258.809,1070716
258.843,1070715
258.883,1070716
258.918,1070716
258.96,1070715
258.994,1070715
259.028,1070716
259.062,1070716
259.103,1070716
259.137,1070716
259.179,1070716
259.218,1070716
259.258,1070716
259.298,1070716
259.336,1070716
259.377,1070717
259.413,1070717
259.446,1070717
259.488,1070716
259.523,1070717
259.556,1070716
259.59,1070717
259.633,1070717
259.667,1070717
259.709,1070717
259.743,1070717
259.777,1070717
259.818,1070718
259.853,1070718
259.887,1070717
259.922,1070718
259.963,1070717
259.997,1070718
260.037,1070718
260.073,1070718
260.115,1070718
260.152,1070718
260.185,1070718
260.227,1070719
260.263,1070718
260.297,1070719
260.331,1070719
260.371,1070718
260.405,1070719
260.446,1070719
260.481,1070719
260.523,1070719
260.558,1070719
260.592,1070719
260.626,1070719
260.666,1070719
260.7,1070720
260.734,1070719
260.776,1070719
260.81,1070719
260.852,1070720
260.886,1070720
260.92,1070720
260.955,1070719
260.995,1070719
261.029,1070720
261.063,1070720
261.105,1070720
261.139,1070720
261.181,1070720
261.215,1070720
261.249,1070720
261.291,1070720
261.325,1070720
261.368,1070720
261.402,1070721
261.436,1070721
261.478,1070721
261.513,1070721
261.555,1070720
261.593,1070720
261.633,1070721
261.673,1070721
261.712,1070721
261.753,1070721
261.789,1070721
261.831,1070721
261.867,1070721
261.901,1070721
261.945,1070721
261.979,1070721
262.022,1070721
262.056,1070722
262.09,1070721
262.131,1070722
262.165,1070722
262.199,1070722
262.241,1070722
262.275,1070722
262.317,1070723
262.357,1070722
262.396,1070722
262.438,1070722
262.473,1070722
262.507,1070723
262.551,1070722
262.585,1070723
262.628,1070723
262.662,1070723
262.696,1070723
262.738,1070723
262.773,1070723
262.815,1070724
262.849,1070723
262.883,1070723
262.926,1070723
262.961,1070724
262.995,1070724
263.036,1070724
263.069,1070724
263.103,1070724
263.144,1070724
263.183,1070724
263.222,1070725
263.263,1070724
263.3,1070724
263.334,1070724
263.377,1070724
263.411,1070724
263.445,1070725
263.487,1070724
263.521,1070724
263.563,1070725
263.597,1070725
263.631,1070725
263.673,1070725
263.707,1070725
263.741,1070725
263.783,1070725
263.817,1070725
263.852,1070725
263.894,1070725
263.928,1070725
263.962,1070725
264.003,1070725
264.037,1070725
264.072,1070726
264.114,1070725
264.148,1070726
264.182,1070726
264.222,1070725
264.257,1070726
264.291,1070726
264.332,1070726
264.366,1070726
264.4,1070726
264.441,1070726
264.475,1070726
264.509,1070726
264.551,1070726
264.585,1070726
264.619,1070726
264.662,1070727
264.695,1070726
264.73,1070726
264.771,1070726
264.805,1070727
264.839,1070727
264.881,1070727
264.915,1070727
264.957,1070727
264.991,1070727
265.025,1070727
265.059,1070727
265.101,1070727
265.134,1070727
265.169,1070727
265.211,1070727
265.245,1070728
265.287,1070727
265.321,1070728
265.355,1070728
265.39,1070728
265.431,1070728
265.464,1070728
265.498,1070728
265.541,1070728
265.575,1070728
265.617,1070728
265.651,1070728
265.685,1070728
265.719,1070728
265.761,1070729
265.795,1070728
265.829,1070729
265.872,1070729
265.905,1070729
265.947,1070729
265.981,1070729
266.016,1070729
266.05,1070729
266.091,1070729
266.125,1070729
266.159,1070730
266.201,1070730
266.235,1070730
266.277,1070730
266.312,1070730
266.346,1070730
266.387,1070730
266.42,1070730
266.454,1070730
266.496,1070730
266.531,1070730
266.565,1070730
266.607,1070731
266.641,1070731
266.675,1070731
266.717,1070731
266.751,1070731
266.785,1070731
266.826,1070731
266.86,1070731
266.894,1070731
266.937,1070731
266.971,1070731
267.013,1070732
267.047,1070732
267.081,1070732
267.115,1070731
267.156,1070732
267.19,1070732
267.224,1070732
267.264,1070732
267.299,1070732
267.333,1070732
267.374,1070733
267.408,1070733
267.442,1070732
267.476,1070733
267.517,1070733
267.552,1070733
267.594,1070733
267.628,1070734
267.662,1070733
267.703,1070733
267.737,1070734
267.771,1070734
267.813,1070734
267.847,1070734
267.881,1070734
267.923,1070734
267.957,1070734
267.999,1070734
268.033,1070735
268.067,1070735
268.109,1070735
268.144,1070735
268.178,1070735
268.218,1070735
268.252,1070735
268.286,1070735
268.328,1070735
268.362,1070735
268.404,1070735
268.441,1070735
268.483,1070736
268.524,1070736
268.562,1070735
268.604,1070736
268.64,1070736
268.673,1070736
268.707,1070736
268.747,1070737
268.781,1070737
268.823,1070736
268.857,1070737
268.891,1070737
268.926,1070737
268.966,1070737
269,1070737
269.034,1070737
269.076,1070737
269.11,1070737
269.152,1070737
269.186,1070737
269.22,1070738
269.254,1070738
269.296,1070738
269.329,1070738
269.364,1070738
269.405,1070738
269.439,1070738
269.481,1070738
269.515,1070738
269.549,1070738
269.584,1070738
269.625,1070739
269.659,1070739
269.693,1070739
269.735,1070739
269.769,1070739
269.811,1070739
269.845,1070739
269.879,1070739
269.913,1070739
269.955,1070739
269.988,1070740
270.023,1070740
270.065,1070739
270.098,1070739
270.14,1070740
270.175,1070740
270.209,1070740
270.243,1070740
270.285,1070740
270.318,1070740
270.352,1070740
270.395,1070740
270.429,1070741
270.471,1070741
270.505,1070741
270.539,1070741
270.573,1070741
270.615,1070742
270.649,1070742
270.683,1070742
270.725,1070742
270.758,1070742
270.8,1070741
270.836,1070742
270.87,1070742
270.911,1070742
270.946,1070742
270.98,1070743
271.014,1070742
271.055,1070743
271.089,1070743
271.131,1070743
271.165,1070743
271.2,1070743
271.234,1070743
271.276,1070743
271.309,1070743
271.343,1070744
271.384,1070743
271.418,1070743
271.46,1070744
271.494,1070744
271.528,1070744
271.562,1070744
271.603,1070744
271.637,1070744
271.671,1070744
271.713,1070744
271.747,1070744
271.789,1070745
271.823,1070744
271.857,1070744
271.891,1070744
271.933,1070745
271.967,1070745
272.001,1070745
272.043,1070745
272.077,1070745
272.119,1070746
272.154,1070746
272.188,1070746
272.222,1070746
272.261,1070746
272.295,1070746
272.329,1070746
272.371,1070746
272.405,1070746
272.439,1070746
272.48,1070746
272.515,1070746
272.549,1070747
272.583,1070747
272.624,1070747
272.658,1070747
272.7,1070747
272.735,1070747
272.769,1070747
272.811,1070748
272.844,1070748
272.878,1070748
272.912,1070748
272.953,1070748
272.988,1070748
273.03,1070748
273.064,1070748
273.098,1070748
273.141,1070748
273.174,1070748
273.208,1070748
273.242,1070748
273.283,1070749
273.317,1070749
273.359,1070748
273.393,1070748
273.427,1070749
273.462,1070749
273.502,1070749
273.536,1070749
273.57,1070749
273.612,1070749
273.646,1070749
273.688,1070749
273.723,1070750
273.757,1070749
273.791,1070750
273.833,1070750
273.866,1070750
273.9,1070750
273.942,1070750
273.977,1070750
274.019,1070751
274.053,1070750
274.087,1070751
274.121,1070751
274.161,1070751
274.195,1070751
274.229,1070751
274.271,1070751
274.305,1070752
274.347,1070752
274.381,1070752
274.415,1070751
274.45,1070751
274.49,1070752
274.524,1070752
274.558,1070751
274.599,1070752
274.633,1070752
274.667,1070752
274.71,1070753
274.744,1070753
274.779,1070752
274.818,1070753
274.851,1070753
274.885,1070753
274.928,1070753
274.962,1070753
274.996,1070753
275.037,1070753
275.071,1070753
275.105,1070753
275.147,1070753
275.181,1070754
275.215,1070754
275.257,1070753
275.291,1070754
275.325,1070754
275.367,1070754
275.401,1070754
275.435,1070754
275.477,1070754
275.511,1070754
275.545,1070754
275.587,1070754
275.621,1070755
275.663,1070755
275.698,1070754
275.732,1070755
275.774,1070755
275.808,1070755
275.842,1070755
275.884,1070755
275.918,1070755
275.953,1070755
275.995,1070755
276.03,1070756
276.072,1070756
276.106,1070755
276.14,1070756
276.174,1070755
276.215,1070756
276.248,1070756
276.283,1070756
276.326,1070756
276.359,1070757
276.401,1070756
276.436,1070756
276.47,1070757
276.504,1070756
276.544,1070757
276.578,1070757
276.612,1070757
276.654,1070757
276.688,1070757
276.73,1070757
276.765,1070758
276.798,1070757
276.833,1070757
276.874,1070757
276.908,1070757
276.942,1070757
276.983,1070758
277.017,1070758
277.059,1070758
277.093,1070758
277.127,1070758
277.161,1070758
277.202,1070758
277.236,1070759
277.27,1070758
277.312,1070758
277.346,1070759
277.388,1070759
277.422,1070759
277.456,1070759
277.499,1070759
277.532,1070759
277.567,1070759
277.607,1070759
277.64,1070759
277.674,1070760
277.717,1070759
277.751,1070760
277.793,1070760
277.828,1070760
277.862,1070760
277.904,1070760
277.938,1070760
277.972,1070760
278.013,1070760
278.047,1070760
278.081,1070761
278.123,1070761
278.157,1070761
278.191,1070761
278.232,1070761
278.266,1070761
278.3,1070761
278.334,1070761
278.375,1070761
278.409,1070761
278.451,1070761
278.486,1070761
278.52,1070761
278.562,1070762
278.596,1070761
278.63,1070762
278.672,1070762
278.706,1070762
278.74,1070762
278.782,1070762
278.816,1070762
278.858,1070762
278.899,1070762
278.937,1070762
278.979,1070762
279.015,1070763
279.049,1070763
279.083,1070762
279.124,1070763
279.158,1070762
279.199,1070763
279.233,1070763
279.275,1070763
279.313,1070763
279.347,1070763
279.388,1070763
279.423,1070763
279.457,1070763
279.491,1070763
279.533,1070763
279.567,1070764
279.609,1070764
279.643,1070764
279.677,1070764
279.718,1070764
279.753,1070764
279.787,1070764
279.821,1070764
279.863,1070764
279.897,1070765
279.938,1070764
279.973,1070765
280.015,1070765
280.051,1070765
280.085,1070765
280.127,1070765
280.161,1070765
280.195,1070765
280.229,1070766
280.269,1070765
280.302,1070766
280.344,1070766
280.379,1070766
280.414,1070766
280.456,1070766
280.49,1070766
280.524,1070766
280.558,1070766
280.599,1070766
280.632,1070766
280.674,1070766
280.709,1070766
280.743,1070767
280.785,1070767
280.819,1070767
280.853,1070767
280.895,1070768
280.929,1070767
280.963,1070767
281.006,1070767
281.04,1070767
281.074,1070768
281.115,1070768
281.149,1070768
281.183,1070768
281.224,1070768
281.258,1070768
281.293,1070768
281.335,1070768
281.369,1070768
281.403,1070768
281.444,1070768
281.478,1070768
281.513,1070768
281.555,1070768
281.588,1070768
281.622,1070769
281.663,1070768
281.698,1070769
281.74,1070769
281.776,1070768
281.81,1070769
281.852,1070769
281.886,1070769
281.92,1070769
281.962,1070769
281.996,1070770
282.03,1070769
282.072,1070770
282.106,1070770
282.148,1070770
282.184,1070770
282.217,1070770
282.259,1070770
282.293,1070770
282.328,1070770
282.362,1070770
282.403,1070770
282.436,1070771
282.479,1070771
282.513,1070770
282.547,1070771
282.589,1070770
282.622,1070771
282.656,1070771
282.699,1070771
282.732,1070771
282.766,1070771
282.809,1070771
282.843,1070772
282.877,1070772
282.919,1070771
282.952,1070771
282.987,1070772
283.028,1070772
283.062,1070772
283.096,1070772
283.138,1070772
283.172,1070772
283.214,1070772
283.249,1070773
283.282,1070773
283.316,1070773
283.359,1070773
283.392,1070773
283.427,1070773
283.469,1070773
283.503,1070773
283.545,1070773
283.579,1070773
283.613,1070774
283.656,1070774
283.691,1070773
283.733,1070774
283.767,1070773
283.801,1070774
283.843,1070774
283.877,1070774
283.911,1070774
283.954,1070774
283.988,1070774
284.03,1070774
284.065,1070774
284.099,1070774
284.133,1070775
284.174,1070774
284.207,1070775
284.241,1070775
284.283,1070775
284.317,1070775
284.351,1070775
284.393,1070775
284.427,1070775
284.461,1070775
284.504,1070775
284.537,1070776
284.572,1070775
284.613,1070775
284.647,1070775
284.689,1070776
284.724,1070776
284.758,1070776
284.792,1070776
284.834,1070776
284.868,1070776
284.91,1070776
284.944,1070776
284.978,1070776
285.021,1070777
285.056,1070777
285.099,1070776
285.139,1070777
285.177,1070777
285.218,1070777
285.254,1070777
285.288,1070777
285.323,1070777
285.364,1070777
285.398,1070777
285.44,1070777
285.475,1070777
285.517,1070778
285.552,1070777
285.586,1070777
285.628,1070778
285.662,1070778
285.696,1070778
285.73,1070778
285.772,1070778
285.806,1070778
285.848,1070778
285.882,1070778
285.916,1070778
285.958,1070779
285.992,1070778
286.026,1070778
286.068,1070778
286.105,1070779
286.146,1070779
286.186,1070779
286.225,1070779
286.266,1070779
286.303,1070779
286.345,1070779
286.381,1070779
286.415,1070779
286.457,1070779
286.491,1070779
286.525,1070779
286.559,1070779
286.601,1070779
286.635,1070779
286.669,1070780
286.712,1070780
286.746,1070780
286.78,1070780
286.822,1070780
286.856,1070780
286.89,1070780
286.932,1070780
286.966,1070781
287.008,1070781
287.043,1070780
287.077,1070781
287.119,1070781
287.153,1070781
287.187,1070781
287.222,1070781
287.263,1070781
287.297,1070780
287.339,1070781
287.374,1070781
287.407,1070781
287.442,1070781
287.484,1070781
287.518,1070781
287.552,1070781
287.594,1070781
287.627,1070781
287.669,1070781
287.704,1070781
287.738,1070782
287.78,1070782
287.814,1070782
287.848,1070782
287.882,1070782
287.924,1070782
287.959,1070782
287.993,1070782
288.033,1070782
288.066,1070782
288.1,1070782
288.134,1070782
288.177,1070782
288.211,1070783
288.254,1070782
288.288,1070782
288.322,1070782
288.364,1070782
288.398,1070783
288.433,1070783
288.475,1070783
288.509,1070783
288.543,1070783
288.583,1070783
288.617,1070784
288.659,1070783
288.694,1070783
288.728,1070783
288.762,1070783
288.804,1070783
288.838,1070783
288.872,1070783
288.914,1070784
288.947,1070783
288.989,1070783
289.024,1070784
289.058,1070784
289.092,1070784
289.133,1070784
289.167,1070784
289.201,1070784
289.243,1070784
289.277,1070784
289.319,1070784
289.354,1070785
289.387,1070785
289.421,1070785
289.463,1070785
289.497,1070785
289.531,1070785
289.571,1070785
289.605,1070785
289.647,1070785
289.682,1070785
289.716,1070785
289.75,1070785
289.792,1070786
289.825,1070785
289.859,1070785
289.899,1070785
289.933,1070786
289.967,1070786
290.008,1070786
290.044,1070786
290.078,1070786
290.112,1070787
290.153,1070786
290.187,1070787
290.227,1070787
290.264,1070786
290.306,1070787
290.342,1070786
290.376,1070787
290.418,1070787
290.452,1070787
290.486,1070787
290.52,1070787
290.561,1070787
290.595,1070787
290.637,1070787
290.671,1070787
290.713,1070787
290.748,1070788
290.782,1070788
290.816,1070788
290.857,1070788
290.891,1070788
290.925,1070788
290.968,1070788
291.002,1070789
291.044,1070788
291.078,1070788
291.112,1070788
291.146,1070788
291.188,1070788
291.221,1070789
291.255,1070788
291.298,1070788
291.332,1070789
291.374,1070788
291.408,1070789
291.442,1070789
291.485,1070789
291.519,1070789
291.553,1070789
291.587,1070789
291.627,1070789
291.66,1070789
291.695,1070789
291.737,1070789
291.77,1070790
291.804,1070790
291.844,1070789
291.878,1070789
291.912,1070790
291.954,1070790
291.988,1070790
292.022,1070790
292.064,1070791
292.098,1070790
292.132,1070790
292.175,1070791
292.208,1070790
292.242,1070791
292.284,1070791
292.318,1070791
292.36,1070791
292.394,1070791
292.428,1070791
292.462,1070791
292.497,1070791
292.536,1070791
292.57,1070791
292.612,1070791
292.647,1070791
292.681,1070791
292.723,1070791
292.758,1070792
292.792,1070792
292.826,1070792
292.867,1070792
292.901,1070792
292.943,1070792
292.978,1070792
293.011,1070792
293.046,1070792
293.089,1070792
293.123,1070793
293.156,1070793
293.199,1070793
293.232,1070792
293.274,1070793
293.308,1070792
293.342,1070793
293.385,1070793
293.419,1070793
293.453,1070793
293.494,1070793
293.528,1070793
293.562,1070793
293.604,1070793
293.638,1070793
293.672,1070793
293.706,1070793
293.746,1070793
293.78,1070793
293.814,1070794
293.856,1070794
293.89,1070794
293.924,1070794
293.967,1070794
294,1070794
294.035,1070794
294.077,1070794
294.111,1070794
294.145,1070794
294.185,1070794
294.22,1070794
294.263,1070794
294.303,1070794
294.342,1070794
294.375,1070794
294.409,1070795
294.451,1070795
294.485,1070795
294.525,1070795
294.561,1070795
294.603,1070795
294.638,1070795
294.672,1070795
294.714,1070795
294.748,1070795
294.782,1070795
294.817,1070795
294.858,1070795
294.891,1070795
294.933,1070796
294.969,1070795
295.002,1070796
295.044,1070796
295.079,1070796
295.113,1070796
295.147,1070796
295.19,1070796
295.223,1070796
295.266,1070796
295.3,1070796
295.334,1070796
295.375,1070796
295.41,1070797
295.444,1070797
295.478,1070797
295.52,1070797
295.554,1070797
295.594,1070797
295.63,1070797
295.672,1070797
295.709,1070797
295.743,1070797
295.784,1070797
295.82,1070798
295.855,1070797
295.889,1070798
295.93,1070798
295.964,1070797
296.004,1070798
296.041,1070798
296.082,1070798
296.119,1070798
296.153,1070798
296.194,1070798
296.23,1070799
296.264,1070798
296.298,1070799
296.34,1070798
296.373,1070799
296.414,1070799
296.45,1070799
296.491,1070799
296.528,1070799
296.562,1070799
296.603,1070799
296.638,1070799
296.672,1070799
296.706,1070799
296.742,1070799
296.782,1070800
296.822,1070800
296.861,1070800
296.903,1070800
296.94,1070800
296.982,1070800
297.02,1070800
297.054,1070800
297.095,1070800
297.129,1070800
297.164,1070800
297.198,1070800
297.239,1070801
297.273,1070801
297.315,1070801
297.351,1070801
297.392,1070801
297.43,1070801
297.463,1070801
297.505,1070801
297.54,1070801
297.574,1070801
297.608,1070801
297.65,1070801
297.684,1070801
297.723,1070801
297.759,1070801
297.801,1070802
297.838,1070801
297.872,1070801
297.913,1070802
297.95,1070802
297.983,1070802
298.017,1070802
298.059,1070802
298.093,1070802
298.133,1070802
298.171,1070802
298.213,1070802
298.251,1070802
298.284,1070803
298.325,1070803
298.362,1070802
298.404,1070802
298.441,1070802
298.475,1070803
298.509,1070803
298.552,1070803
298.586,1070803
298.625,1070803
298.66,1070803
298.702,1070803
298.738,1070803
298.772,1070803
298.814,1070803
298.848,1070804
298.882,1070804
298.916,1070804
298.957,1070804
298.991,1070804
299.034,1070804
299.068,1070804
299.102,1070804
299.144,1070804
299.178,1070804
299.212,1070804
299.255,1070804
299.288,1070804
299.322,1070804
299.365,1070804
299.399,1070804
299.441,1070805
299.475,1070804
299.509,1070805
299.543,1070805
299.585,1070805
299.619,1070805
299.653,1070805
299.694,1070805
299.728,1070805
299.77,1070805
299.804,1070805
299.838,1070805
299.872,1070805
299.914,1070805
299.949,1070805
299.982,1070805
300.024,1070805
300.058,1070805
300.1,1070806
300.134,1070806
300.168,1070806
300.202,1070806
300.244,1070806
300.277,1070806
300.312,1070806
300.351,1070806
300.387,1070806
300.429,1070806
300.465,1070806
300.499,1070806
300.541,1070806
300.575,1070806
300.61,1070806
300.652,1070807
300.686,1070807
300.72,1070807
300.761,1070807
300.795,1070807
300.829,1070807
300.872,1070807
300.906,1070807
300.94,1070808
300.982,1070807
301.016,1070808
301.05,1070808
301.091,1070808
301.125,1070808
301.167,1070808
301.202,1070808
301.236,1070808
301.278,1070808
301.312,1070808
301.346,1070808
301.38,1070809
301.422,1070809
301.456,1070809
301.498,1070809
301.533,1070809
301.567,1070809
301.609,1070809
301.643,1070810
301.677,1070809
301.711,1070809
301.753,1070809
301.787,1070810
301.829,1070809
301.863,1070810
301.897,1070809
301.931,1070810
301.974,1070809
302.007,1070810
302.041,1070810
302.083,1070810
302.117,1070810
302.159,1070810
302.193,1070810
302.227,1070810
302.261,1070810
302.304,1070810
302.337,1070811
302.372,1070811
302.413,1070811
302.446,1070811
302.488,1070811
302.523,1070811
302.557,1070811
302.591,1070811
302.633,1070811
302.666,1070811
302.7,1070811
302.743,1070811
302.777,1070811
302.819,1070811
302.853,1070812
302.887,1070811
302.921,1070812
302.962,1070812
302.996,1070812
303.031,1070812
303.073,1070812
303.106,1070812
303.148,1070812
303.183,1070812
303.217,1070812
303.259,1070813
303.294,1070812
303.328,1070813
303.362,1070813
303.403,1070813
303.436,1070813
303.478,1070813
303.513,1070813
303.547,1070813
303.581,1070813
303.623,1070813
303.657,1070813
303.691,1070813
303.733,1070814
303.767,1070813
303.809,1070814
303.843,1070814
303.877,1070814
303.911,1070814
303.952,1070814
303.986,1070814
304.021,1070814
304.062,1070815
304.095,1070814
304.138,1070815
304.172,1070815
304.206,1070815
304.24,1070815
304.282,1070815
304.316,1070815
304.35,1070815
304.392,1070815
304.426,1070815
304.468,1070815
304.502,1070816
304.536,1070815
304.571,1070816
304.61,1070815
304.643,1070816
304.677,1070816
304.72,1070816
304.754,1070816
304.788,1070816
304.83,1070816
304.864,1070816
304.898,1070816
304.94,1070816
304.975,1070817
305.018,1070817
305.055,1070817
305.097,1070817
305.136,1070817
305.176,1070817
305.216,1070817
305.255,1070817
305.296,1070818
305.333,1070817
305.375,1070818
305.412,1070817
305.446,1070818
305.488,1070817
305.522,1070817
305.556,1070818
305.599,1070818
305.633,1070818
305.668,1070818
305.709,1070818
305.742,1070818
305.784,1070818
305.819,1070818
305.853,1070819
305.887,1070819
305.93,1070819
305.963,1070819
305.997,1070819
306.04,1070819
306.073,1070819
306.115,1070819
306.15,1070819
306.184,1070820
306.218,1070820
306.26,1070819
306.294,1070819
306.328,1070820
306.37,1070820
306.404,1070820
306.447,1070820
306.481,1070820
306.515,1070820
306.549,1070820
306.59,1070820
306.624,1070820
306.658,1070820
306.699,1070820
306.734,1070821
306.776,1070821
306.81,1070821
306.844,1070821
306.887,1070821
306.921,1070821
306.955,1070821
306.997,1070821
307.031,1070821
307.065,1070821
307.107,1070821
307.144,1070822
307.185,1070822
307.226,1070822
307.264,1070822
307.298,1070822
307.332,1070822
307.368,1070822
307.406,1070822
307.448,1070822
307.485,1070822
307.527,1070822
307.564,1070823
307.598,1070823
307.639,1070823
307.673,1070822
307.707,1070822
307.742,1070823
307.784,1070823
307.818,1070823
307.852,1070823
307.895,1070823
307.929,1070823
307.963,1070823
308.003,1070823
308.037,1070823
308.071,1070823
308.114,1070823
308.148,1070824
308.182,1070824
308.223,1070824
308.258,1070824
308.291,1070824
308.326,1070824
308.367,1070824
308.401,1070825
308.443,1070824
308.478,1070824
308.512,1070824
308.553,1070824
308.589,1070824
308.623,1070824
308.657,1070824
308.699,1070825
308.733,1070825
308.773,1070825
308.81,1070824
308.852,1070825
308.887,1070825
308.92,1070825
308.955,1070825
308.997,1070825
309.031,1070825
309.065,1070825
309.107,1070825
309.141,1070825
309.183,1070826
309.217,1070825
309.251,1070826
309.286,1070826
309.327,1070826
309.36,1070826
309.395,1070826
309.436,1070826
309.47,1070826
309.504,1070826
309.546,1070826
309.58,1070827
309.614,1070827
309.655,1070827
309.689,1070827
309.723,1070826
309.765,1070827
309.799,1070827
309.841,1070827
309.876,1070827
309.91,1070827
309.944,1070827
309.986,1070828
310.02,1070828
310.054,1070828
310.095,1070828
310.13,1070828
310.172,1070827
310.206,1070828
310.24,1070828
310.275,1070828
310.316,1070828
310.35,1070828
310.384,1070828
310.426,1070828
310.46,1070829
310.502,1070828
310.536,1070828
310.57,1070829
310.605,1070829
310.646,1070829
310.679,1070829
310.714,1070829
310.756,1070830
310.79,1070829
310.833,1070829
310.867,1070829
310.901,1070830
310.943,1070830
310.978,1070830
311.012,1070830
311.054,1070830
311.088,1070830
311.122,1070830
311.164,1070830
311.198,1070831
311.233,1070831
311.274,1070831
311.308,1070830
311.342,1070830
311.384,1070831
311.418,1070831
311.452,1070831
311.494,1070831
311.528,1070831
311.562,1070832
311.603,1070831
311.637,1070831
311.671,1070832
311.714,1070832
311.747,1070831
311.782,1070832
311.824,1070832
311.858,1070832
311.9,1070832
311.935,1070832
311.969,1070832
312.01,1070832
312.044,1070832
312.078,1070832
312.119,1070832
312.153,1070832
312.187,1070833
312.229,1070833
312.264,1070833
312.298,1070833
312.34,1070833
312.374,1070833
312.408,1070834
312.449,1070834
312.483,1070834
312.517,1070834
312.559,1070834
312.594,1070834
312.636,1070834
312.67,1070834
312.704,1070834
312.746,1070834
312.78,1070835
312.814,1070834
312.856,1070834
312.89,1070835
312.924,1070835
312.966,1070835
313.001,1070835
313.035,1070835
313.076,1070835
313.11,1070835
313.144,1070835
313.187,1070835
313.221,1070836
313.255,1070836
313.298,1070836
313.332,1070836
313.374,1070836
313.408,1070835
313.442,1070836
313.477,1070836
313.517,1070836
313.55,1070837
313.584,1070837
313.627,1070837
313.661,1070837
313.695,1070837
313.737,1070837
313.772,1070837
313.806,1070837
313.848,1070837
313.882,1070838
313.916,1070837
313.957,1070837
313.991,1070837
314.033,1070838
314.068,1070838
314.102,1070838
314.136,1070838
314.178,1070838
314.212,1070839
314.246,1070838
314.288,1070838
314.322,1070838
314.364,1070839
314.399,1070839
314.433,1070839
314.467,1070839
314.508,1070839
314.542,1070839
314.576,1070839
314.618,1070839
314.652,1070840
314.694,1070840
314.728,1070839
314.762,1070839
314.796,1070840
314.838,1070840
314.871,1070840
314.906,1070840
314.947,1070840
314.981,1070840
315.023,1070840
315.057,1070840
315.092,1070840
315.134,1070840
315.168,1070840
315.202,1070841
315.236,1070841
315.276,1070841
315.309,1070841
315.351,1070841
315.386,1070841
315.42,1070841
315.454,1070841
315.494,1070842
315.528,1070841
315.562,1070842
315.605,1070841
315.639,1070841
315.681,1070841
315.716,1070842
315.75,1070842
315.784,1070842
315.826,1070842
315.86,1070842
315.894,1070842
315.936,1070842
315.97,1070842
316.013,1070842
316.047,1070843
316.081,1070843
316.123,1070843
316.157,1070843
316.191,1070843
316.234,1070843
316.268,1070843
316.302,1070843
316.344,1070843
316.378,1070843
316.42,1070844
316.455,1070843
316.489,1070844
316.523,1070843
316.564,1070844
316.598,1070844
316.632,1070844
316.675,1070844
316.709,1070844
316.751,1070844
316.785,1070845
316.819,1070844
316.854,1070845
316.895,1070845
316.929,1070845
316.963,1070845
317.004,1070845
317.038,1070845
317.08,1070845
317.115,1070845
317.149,1070846
317.183,1070846
317.224,1070846
317.258,1070846
317.292,1070846
317.334,1070846
317.368,1070846
317.41,1070846
317.445,1070846
317.479,1070846
317.513,1070846
317.554,1070846
317.588,1070846
317.623,1070847
317.664,1070846
317.698,1070846
317.74,1070847
317.775,1070847
317.809,1070847
317.851,1070847
317.885,1070847
317.92,1070847
317.954,1070847
317.994,1070847
318.028,1070847
318.07,1070847
318.104,1070847
318.139,1070847
318.173,1070848
318.215,1070848
318.249,1070848
318.283,1070848
318.324,1070848
318.358,1070848
318.4,1070849
318.435,1070849
318.469,1070849
318.503,1070849
318.545,1070849
318.579,1070849
318.613,1070849
318.652,1070849
318.687,1070849
318.721,1070850
318.762,1070849
318.797,1070850
318.83,1070849
318.864,1070850
318.907,1070850
318.941,1070850
318.982,1070850
319.018,1070850
319.06,1070850
319.095,1070851
319.129,1070850
319.171,1070850
319.206,1070850
319.24,1070851
319.273,1070851
319.315,1070851
319.348,1070851
319.39,1070851
319.425,1070851
319.459,1070851
319.493,1070851
319.535,1070851
319.569,1070851
319.603,1070851
319.644,1070851
319.678,1070851
319.72,1070852
319.754,1070851
319.788,1070852
319.823,1070852
319.863,1070852
319.897,1070852
319.931,1070852
319.973,1070852
320.007,1070852
320.049,1070852
320.084,1070852
320.118,1070853
320.161,1070852
320.194,1070853
320.228,1070853
320.27,1070853
320.304,1070853
320.338,1070853
320.38,1070853
320.414,1070853
320.449,1070853
320.49,1070853
320.524,1070854
320.559,1070853
320.601,1070854
320.635,1070854
320.669,1070853
320.711,1070854
320.745,1070854
320.787,1070854
320.821,1070854
320.855,1070855
320.89,1070855
320.931,1070855
320.965,1070855
320.999,1070855
321.041,1070855
321.075,1070855
321.117,1070855
321.152,1070855
321.186,1070856
321.228,1070855
321.262,1070855
321.296,1070855
321.331,1070856
321.372,1070856
321.405,1070855
321.447,1070856
321.483,1070855
321.518,1070856
321.559,1070856
321.594,1070856
321.628,1070856
321.662,1070856
321.703,1070856
321.737,1070856
321.779,1070857
321.814,1070856
321.848,1070856
321.889,1070857
321.924,1070857
321.957,1070857
321.991,1070857
322.034,1070857
322.068,1070857
322.108,1070857
322.143,1070858
322.177,1070857
322.218,1070857
322.252,1070857
322.287,1070857
322.321,1070858
322.363,1070858
322.397,1070858
322.438,1070858
322.473,1070858
322.515,1070858
322.551,1070858
322.585,1070858
322.627,1070859
322.661,1070859
322.696,1070859
322.738,1070859
322.772,1070859
322.806,1070859
322.848,1070859
322.882,1070859
322.924,1070859
322.959,1070859
322.993,1070859
323.027,1070859
323.069,1070859
323.102,1070860
323.136,1070860
323.178,1070860
323.212,1070860
323.254,1070860
323.289,1070860
323.324,1070860
323.366,1070860
323.4,1070859
323.434,1070860
323.468,1070860
323.511,1070860
323.545,1070860
323.587,1070860
323.621,1070861
323.655,1070860
323.697,1070861
323.731,1070861
323.765,1070861
323.799,1070861
323.839,1070861
323.873,1070861
323.915,1070861
323.949,1070861
323.983,1070861
324.018,1070862
324.06,1070862
324.094,1070862
324.128,1070862
324.17,1070862
324.205,1070862
324.247,1070862
324.282,1070862
324.316,1070862
324.358,1070862
324.392,1070862
324.426,1070863
324.46,1070862
324.502,1070863
324.536,1070862
324.57,1070863
324.612,1070863
324.646,1070863
324.68,1070863
324.722,1070863
324.757,1070863
324.791,1070863
324.831,1070863
324.865,1070863
324.899,1070863
324.941,1070864
324.975,1070864
325.009,1070864
325.051,1070864
325.085,1070864
325.119,1070864
325.161,1070864
325.195,1070864
325.237,1070864
325.271,1070864
325.305,1070864
325.34,1070864
325.383,1070864
325.417,1070865
325.451,1070865
325.49,1070865
325.525,1070865
325.567,1070865
325.603,1070865
325.637,1070865
325.679,1070865
325.714,1070865
325.748,1070865
325.782,1070865
325.823,1070865
325.857,1070865
325.9,1070865
325.934,1070865
325.968,1070866
326.009,1070866
326.045,1070866
326.079,1070866
326.113,1070866
326.155,1070866
326.189,1070866
326.228,1070866
326.263,1070867
326.297,1070867
326.338,1070867
326.373,1070866
326.407,1070867
326.441,1070867
326.482,1070867
326.516,1070867
326.558,1070867
326.593,1070867
326.626,1070867
326.661,1070867
326.702,1070868
326.736,1070868
326.77,1070868
326.81,1070868
326.846,1070868
326.887,1070868
326.924,1070868
326.958,1070868
327,1070868
327.034,1070868
327.069,1070868
327.103,1070868
327.143,1070869
327.177,1070868
327.22,1070868
327.254,1070869
327.288,1070869
327.329,1070869
327.365,1070869
327.399,1070869
327.433,1070869
327.475,1070869
327.508,1070869
327.55,1070869
327.585,1070869
327.619,1070869
327.66,1070870
327.695,1070870
327.729,1070870
327.763,1070870
327.804,1070870
327.838,1070870
327.88,1070870
327.914,1070870
327.948,1070870
327.99,1070870
328.025,1070870
328.059,1070870
328.1,1070870
328.134,1070870
328.168,1070871
328.211,1070871
328.245,1070871
328.279,1070871
328.32,1070871
328.354,1070871
328.389,1070871
328.429,1070871
328.463,1070871
328.497,1070871
328.539,1070871
328.574,1070871
328.608,1070871
328.651,1070872
328.684,1070871
328.718,1070871
328.76,1070872
328.794,1070872
328.828,1070872
328.87,1070872
328.905,1070872
328.939,1070872
328.981,1070872
329.015,1070872
329.058,1070872
329.092,1070873
329.126,1070873
329.169,1070873
329.203,1070873
329.237,1070873
329.279,1070873
329.313,1070873
329.356,1070873
329.391,1070873
329.433,1070873
329.467,1070873
329.501,1070873
329.544,1070873
329.578,1070873
329.612,1070874
329.654,1070874
329.688,1070874
329.722,1070874
329.764,1070874
329.798,1070874
329.84,1070874
329.875,1070874
329.909,1070874
329.943,1070874
329.984,1070874
330.018,1070874
330.052,1070875
330.093,1070874
330.127,1070875
330.161,1070874
330.202,1070874
330.236,1070875
330.271,1070875
330.313,1070875
330.347,1070875
330.381,1070875
330.424,1070875
330.458,1070876
330.5,1070875
330.535,1070876
330.569,1070876
330.611,1070876
330.647,1070875
330.681,1070876
330.715,1070876
330.753,1070876
330.79,1070876
330.832,1070876
330.87,1070876
330.904,1070876
330.945,1070876
330.98,1070877
331.013,1070876
331.047,1070876
331.09,1070877
331.124,1070877
331.158,1070877
331.199,1070877
331.234,1070877
331.268,1070877
331.308,1070877
331.342,1070877
331.376,1070877
331.419,1070878
331.453,1070878
331.487,1070878
331.529,1070877
331.563,1070878
331.597,1070878
331.639,1070878
331.673,1070878
331.707,1070878
331.748,1070878
331.781,1070878
331.815,1070879
331.858,1070879
331.892,1070879
331.926,1070879
331.969,1070879
332.003,1070879
332.037,1070879
332.076,1070879
332.113,1070879
332.155,1070879
332.191,1070880
332.225,1070879
332.267,1070879
332.301,1070880
332.335,1070880
332.37,1070880
332.41,1070880
332.444,1070880
332.486,1070880
332.522,1070880
332.556,1070880
332.598,1070880
332.632,1070881
332.666,1070881
332.7,1070880
332.743,1070881
332.777,1070881
332.819,1070881
332.853,1070881
332.887,1070881
332.928,1070881
332.963,1070881
332.997,1070881
333.031,1070882
333.073,1070882
333.107,1070882
333.149,1070882
333.183,1070882
333.217,1070882
333.259,1070882
333.293,1070882
333.327,1070882
333.361,1070882
333.404,1070882
333.438,1070882
333.478,1070883
333.513,1070882
333.555,1070883
333.593,1070883
333.627,1070883
333.668,1070883
333.703,1070883
333.737,1070883
333.771,1070883
333.814,1070884
333.848,1070883
333.889,1070884
333.924,1070884
333.966,1070883
334.003,1070883
334.037,1070884
334.078,1070884
334.114,1070884
334.148,1070884
334.183,1070884
334.225,1070885
334.258,1070884
334.298,1070885
334.335,1070885
334.376,1070885
334.414,1070885
334.449,1070885
334.49,1070885
334.524,1070885
334.558,1070885
334.592,1070885
334.634,1070886
334.668,1070885
334.71,1070885
334.744,1070886
334.778,1070886
334.819,1070886
334.856,1070886
334.889,1070886
334.924,1070886
334.965,1070886
334.999,1070887
335.033,1070886
335.074,1070886
335.109,1070886
335.143,1070887
335.183,1070887
335.217,1070887
335.252,1070887
335.294,1070887
335.328,1070887
335.362,1070887
335.404,1070887
335.438,1070887
335.472,1070888
335.514,1070888
335.548,1070888
335.582,1070888
335.624,1070888
335.658,1070888
335.7,1070888
335.734,1070888
335.768,1070888
335.811,1070888
335.845,1070889
335.879,1070888
335.92,1070888
335.954,1070889
335.988,1070889
336.03,1070889
336.065,1070888
336.099,1070889
336.141,1070889
336.175,1070889
336.209,1070889
336.251,1070890
336.284,1070889
336.319,1070889
336.36,1070889
336.394,1070889
336.428,1070890
336.469,1070890
336.504,1070890
336.538,1070890
336.572,1070890
336.613,1070890
336.647,1070891
336.689,1070890
336.723,1070890
336.758,1070891
336.792,1070891
336.831,1070891
336.865,1070891
336.899,1070891
336.941,1070891
336.975,1070891
337.017,1070891
337.058,1070891
337.096,1070891
337.13,1070892
337.164,1070892
337.206,1070892
337.239,1070892
337.28,1070892
337.315,1070892
337.357,1070892
337.394,1070892
337.428,1070892
337.469,1070892
337.504,1070893
337.538,1070893
337.572,1070893
337.613,1070893
337.647,1070893
337.689,1070892
337.723,1070893
337.757,1070893
337.798,1070893
337.833,1070893
337.867,1070893
337.901,1070893
337.943,1070893
337.976,1070893
338.019,1070893
338.053,1070894
338.087,1070894
338.128,1070894
338.162,1070894
338.196,1070894
338.23,1070894
338.272,1070894
338.306,1070894
338.348,1070894
338.383,1070895
338.425,1070895
338.462,1070895
338.495,1070895
338.537,1070895
338.572,1070895
338.606,1070896
338.641,1070895
338.682,1070895
338.715,1070896
338.758,1070896
338.792,1070896
338.826,1070895
338.867,1070896
338.902,1070896
338.936,1070896
338.97,1070896
339.012,1070896
339.046,1070896
339.088,1070896
339.122,1070897
339.156,1070896
339.197,1070896
339.232,1070897
339.266,1070897
339.3,1070897
339.342,1070897
339.376,1070897
339.419,1070897
339.453,1070897
339.487,1070897
339.53,1070897
339.564,1070897
339.598,1070897
339.64,1070898
339.673,1070898
339.707,1070898
339.75,1070898
339.786,1070898
339.82,1070898
339.861,1070898
339.895,1070898
339.929,1070898
339.972,1070898
340.005,1070898
340.039,1070899
340.08,1070899
340.115,1070899
340.149,1070899
340.192,1070899
340.226,1070898
340.26,1070899
340.301,1070899
340.334,1070899
340.369,1070899
340.411,1070899
340.445,1070900
340.479,1070900
340.521,1070899
340.555,1070900
340.59,1070900
340.631,1070900
340.664,1070900
340.698,1070900
340.741,1070900
340.775,1070900
340.818,1070900
340.852,1070900
340.886,1070900
340.921,1070900
340.961,1070901
340.995,1070901
341.029,1070900
341.071,1070901
341.105,1070901
341.147,1070901
341.181,1070901
341.216,1070901
341.258,1070901
341.292,1070901
341.326,1070902
341.367,1070902
341.401,1070902
341.436,1070902
341.478,1070902
341.512,1070901
341.553,1070902
341.588,1070901
341.622,1070902
341.664,1070902
341.697,1070902
341.731,1070902
341.774,1070902
341.808,1070902
341.842,1070902
341.885,1070903
341.919,1070903
341.953,1070903
341.996,1070902
342.029,1070903
342.064,1070903
342.106,1070903
342.14,1070903
342.174,1070903
342.216,1070903
342.251,1070903
342.293,1070903
342.327,1070903
342.361,1070904
342.395,1070904
342.436,1070904
342.47,1070904
342.504,1070904
342.546,1070904
342.58,1070904
342.622,1070904
342.657,1070904
342.69,1070904
342.725,1070904
342.767,1070904
342.801,1070905
342.835,1070905
342.877,1070905
342.911,1070904
342.953,1070904
342.988,1070905
343.021,1070905
343.056,1070905
343.098,1070905
343.132,1070905
343.166,1070905
343.208,1070906
343.242,1070905
343.284,1070905
343.319,1070905
343.353,1070906
343.387,1070906
343.428,1070906
343.463,1070906
343.497,1070906
343.539,1070906
343.573,1070906
343.615,1070906
343.65,1070906
343.684,1070906
343.726,1070907
343.76,1070906
343.794,1070906
343.828,1070906
343.869,1070906
343.904,1070906
343.946,1070907
343.979,1070907
344.021,1070907
344.059,1070907
344.093,1070907
344.134,1070907
344.17,1070907
344.212,1070907
344.249,1070907
344.283,1070908
344.317,1070907
344.352,1070908
344.392,1070908
344.432,1070908
344.471,1070908
344.512,1070908
344.551,1070907
344.592,1070908
344.628,1070908
344.67,1070908
344.707,1070908
344.741,1070908
344.782,1070908
344.819,1070908
344.861,1070908
344.898,1070909
344.932,1070909
344.966,1070909
345.002,1070909
345.041,1070909
345.082,1070909
345.119,1070909
345.161,1070909
345.199,1070908
345.233,1070909
345.274,1070909
345.31,1070909
345.344,1070909
345.378,1070909
345.419,1070909
345.452,1070909
345.493,1070909
345.531,1070909
345.573,1070909
345.609,1070909
345.643,1070910
345.684,1070909
345.718,1070909
345.753,1070909
345.787,1070910
345.829,1070910
345.863,1070910
345.903,1070910
345.94,1070910
345.981,1070910
346.02,1070910
346.053,1070910
346.094,1070910
346.129,1070910
346.162,1070911
346.196,1070911
346.239,1070910
346.273,1070911
346.313,1070911
346.35,1070911
346.391,1070911
346.43,1070911
346.463,1070911
346.504,1070911
346.54,1070911
346.574,1070911
346.608,1070911
346.651,1070911
346.685,1070911
346.723,1070912
346.761,1070912
346.803,1070912
346.84,1070911
346.874,1070912
346.915,1070912
346.949,1070912
346.983,1070912
347.017,1070912
347.058,1070912
347.092,1070912
347.133,1070912
347.168,1070912
347.21,1070912
347.246,1070912
347.28,1070912
347.322,1070912
347.356,1070913
347.39,1070913
347.424,1070913
347.467,1070913
347.501,1070912
347.541,1070913
347.576,1070913
347.618,1070913
347.653,1070913
347.687,1070913
347.729,1070913
347.764,1070913
347.797,1070913
347.831,1070913
347.873,1070914
347.907,1070913
347.949,1070913
347.984,1070913
348.017,1070913
348.058,1070913
348.093,1070914
348.127,1070914
348.161,1070914
348.203,1070914
348.237,1070914
348.271,1070914
348.313,1070914
348.347,1070914
348.381,1070914
348.423,1070914
348.456,1070914
348.49,1070914
348.533,1070914
348.566,1070915
348.608,1070915
348.642,1070915
348.676,1070915
348.711,1070915
348.752,1070915
348.785,1070915
348.82,1070915
348.861,1070915
348.894,1070915
348.936,1070915
348.97,1070915
349.004,1070915
349.047,1070916
349.081,1070916
349.114,1070916
349.157,1070915
349.19,1070916
349.224,1070916
349.266,1070916
349.3,1070916
349.343,1070916
349.383,1070916
349.422,1070916
349.463,1070916
349.5,1070916
349.534,1070916
349.568,1070916
349.61,1070916
349.644,1070916
349.683,1070917
349.721,1070916
349.763,1070917
349.798,1070917
349.833,1070917
349.874,1070917
349.908,1070917
349.942,1070916
349.976,1070917
350.019,1070917
350.053,1070917
350.087,1070917
350.128,1070917
350.162,1070917
350.196,1070917
350.238,1070918
350.273,1070917
350.307,1070917
350.348,1070917
350.382,1070917
350.424,1070918
350.458,1070918
350.492,1070918
350.535,1070918
350.568,1070918
350.602,1070918
350.643,1070918
350.682,1070918
350.722,1070918
350.762,1070918
350.801,1070918
350.841,1070919
350.879,1070918
350.921,1070918
350.958,1070919
350.992,1070919
351.033,1070918
351.068,1070918
351.102,1070918
351.136,1070919
351.178,1070919
351.212,1070919
351.252,1070919
351.288,1070919
351.33,1070919
351.367,1070919
351.401,1070919
351.442,1070919
351.477,1070919
351.511,1070919
351.545,1070919
351.587,1070919
351.622,1070919
351.661,1070920
351.696,1070920
351.73,1070920
351.771,1070920
351.807,1070920
351.841,1070919
351.875,1070919
351.915,1070920
351.949,1070920
351.991,1070920
352.025,1070920
352.059,1070920
352.1,1070920
352.135,1070920
352.169,1070921
352.203,1070920
352.245,1070920
352.278,1070920
352.313,1070921
352.354,1070921
352.388,1070921
352.422,1070921
352.464,1070921
352.498,1070921
352.532,1070921
352.574,1070921
352.608,1070921
352.65,1070921
352.686,1070921
352.72,1070921
352.761,1070921
352.796,1070921
352.829,1070922
352.864,1070921
352.906,1070922
352.939,1070922
352.981,1070922
353.015,1070922
353.049,1070921
353.09,1070922
353.125,1070922
353.158,1070922
353.193,1070922
353.233,1070922
353.267,1070922
353.309,1070922
353.343,1070922
353.377,1070922
353.412,1070922
353.452,1070922
353.485,1070922
353.519,1070923
353.561,1070922
353.595,1070923
353.629,1070922
353.672,1070923
353.706,1070923
353.74,1070923
353.782,1070923
353.815,1070923
353.849,1070923
353.889,1070923
353.923,1070923
353.957,1070923
354,1070923
354.034,1070923
354.069,1070923
354.11,1070923
354.144,1070923
354.178,1070923
354.219,1070924
354.253,1070924
354.295,1070924
354.329,1070924
354.362,1070924
354.397,1070924
354.439,1070924
354.473,1070924
354.507,1070924
354.549,1070925
354.582,1070924
354.624,1070925
354.658,1070924
354.693,1070925
354.727,1070924
354.768,1070925
354.802,1070924
354.836,1070925
354.879,1070925
354.912,1070925
354.954,1070925
354.989,1070925
355.023,1070925
355.057,1070925
355.098,1070925
355.132,1070925
355.166,1070925
355.208,1070925
355.242,1070925
355.284,1070926
355.319,1070925
355.352,1070925
355.387,1070926
355.429,1070926
355.463,1070926
355.497,1070925
355.539,1070926
355.572,1070926
355.614,1070926
355.649,1070926
355.683,1070926
355.717,1070926
355.758,1070926
355.792,1070927
355.826,1070927
355.869,1070927
355.903,1070927
355.945,1070927
355.979,1070926
356.013,1070926
356.048,1070927
356.089,1070927
356.123,1070927
356.157,1070927
356.198,1070927
356.232,1070927
356.274,1070927
356.308,1070927
356.342,1070928
356.376,1070927
356.417,1070928
356.451,1070928
356.485,1070927
356.526,1070928
356.56,1070928
356.603,1070928
356.637,1070928
356.671,1070928
356.713,1070928
356.747,1070928
356.781,1070928
356.815,1070928
356.856,1070928
356.89,1070928
356.931,1070928
356.965,1070929
356.999,1070929
357.04,1070928
357.076,1070928
357.11,1070929
357.144,1070929
357.187,1070928
357.221,1070928
357.259,1070929
357.295,1070929
357.337,1070929
357.374,1070929
357.408,1070929
357.449,1070929
357.485,1070929
357.52,1070929
357.554,1070929
357.595,1070929
357.628,1070929
357.67,1070929
357.705,1070929
357.747,1070929
357.783,1070930
357.817,1070930
357.859,1070930
357.893,1070930
357.927,1070930
357.961,1070930
358.003,1070930
358.037,1070930
358.078,1070930
358.114,1070930
358.156,1070930
358.191,1070930
358.225,1070930
358.267,1070930
358.301,1070930
358.335,1070930
358.369,1070931
358.411,1070931
358.445,1070931
358.487,1070931
358.523,1070930
358.556,1070931
358.598,1070931
358.632,1070931
358.666,1070931
358.7,1070931
358.74,1070931
358.774,1070932
358.816,1070931
358.85,1070932
358.884,1070931
358.919,1070932
358.961,1070932
358.995,1070932
359.029,1070932
359.07,1070932
359.104,1070933
359.146,1070932
359.182,1070932
359.216,1070932
359.257,1070932
359.293,1070932
359.326,1070932
359.36,1070932
359.397,1070932
359.436,1070932
359.478,1070933
359.516,1070933
359.558,1070933
359.595,1070933
359.637,1070933
359.673,1070933
359.707,1070932
359.749,1070933
359.783,1070934
359.817,1070933
359.851,1070933
359.892,1070933
359.926,1070933
359.968,1070933
360.002,1070934
360.036,1070934
360.07,1070934
360.111,1070934
360.145,1070934
360.179,1070934
360.222,1070934
360.255,1070934
360.297,1070934
360.332,1070934
360.366,1070935
360.4,1070935
360.442,1070934
360.476,1070935
360.51,1070935
360.552,1070935
360.586,1070935
360.628,1070935
360.662,1070935
360.696,1070936
360.73,1070936
360.772,1070936
360.805,1070935
360.84,1070936
360.882,1070935
360.916,1070936
360.958,1070936
360.993,1070935
361.027,1070936
361.069,1070936
361.103,1070936
361.137,1070936
361.171,1070936
361.213,1070936
361.247,1070937
361.289,1070937
361.325,1070937
361.367,1070937
361.404,1070937
361.437,1070937
361.479,1070937
361.513,1070937
361.548,1070937
361.582,1070937
361.625,1070938
361.658,1070937
361.699,1070937
361.734,1070937
361.768,1070937
361.809,1070938
361.844,1070938
361.878,1070938
361.912,1070938
361.953,1070938
361.987,1070938
362.028,1070938
362.062,1070938
362.096,1070939
362.137,1070939
362.171,1070938
362.206,1070939
362.248,1070939
362.282,1070939
362.316,1070939
362.358,1070939
362.392,1070939
362.426,1070939
362.467,1070940
362.501,1070940
362.535,1070940
362.576,1070939
362.611,1070939
362.645,1070939
362.685,1070940
362.72,1070940
362.762,1070940
362.802,1070940
362.841,1070940
362.882,1070940
362.919,1070940
362.953,1070940
362.987,1070940
363.028,1070940
363.061,1070941
363.104,1070940
363.138,1070940
363.172,1070940
363.215,1070941
363.248,1070941
363.283,1070941
363.325,1070940
363.359,1070941
363.393,1070941
363.433,1070941
363.468,1070942
363.509,1070942
363.544,1070942
363.578,1070942
363.612,1070942
363.652,1070942
363.686,1070942
363.721,1070942
363.762,1070942
363.796,1070942
363.838,1070942
363.872,1070942
363.906,1070942
363.94,1070942
363.981,1070942
364.015,1070943
364.049,1070943
364.089,1070942
364.125,1070943
364.166,1070943
364.207,1070943
364.246,1070943
364.287,1070943
364.324,1070943
364.358,1070944
364.392,1070943
364.435,1070943
364.469,1070944
364.508,1070944
364.546,1070944
364.587,1070944
364.623,1070943
364.658,1070943
364.699,1070944
364.734,1070944
364.767,1070944
364.802,1070944
364.843,1070944
364.877,1070944
364.919,1070944
364.953,1070945
364.987,1070945
365.028,1070945
365.063,1070945
365.097,1070945
365.131,1070945
365.173,1070945
365.208,1070945
365.242,1070945
365.283,1070945
365.317,1070946
365.351,1070945
365.393,1070946
365.427,1070946
365.461,1070945
365.503,1070946
365.537,1070946
365.571,1070946
365.605,1070946
365.647,1070946
365.681,1070947
365.715,1070947
365.757,1070946
365.79,1070947
365.832,1070947
365.867,1070947
365.902,1070947
365.943,1070947
365.978,1070947
366.012,1070947
366.046,1070947
366.087,1070947
366.121,1070947
366.163,1070947
366.198,1070947
366.231,1070948
366.272,1070948
366.307,1070948
366.34,1070948
366.375,1070948
366.417,1070948
366.451,1070948
366.492,1070948
366.526,1070948
366.56,1070948
366.601,1070948
366.637,1070948
366.671,1070948
366.705,1070949
366.746,1070949
366.78,1070949
366.821,1070949
366.857,1070949
366.899,1070949
366.936,1070950
366.97,1070949
367.011,1070949
367.045,1070949
367.079,1070949
367.113,1070950
367.155,1070950
367.189,1070950
367.23,1070950
367.264,1070950
367.298,1070950
367.34,1070950
367.374,1070950
367.409,1070950
367.45,1070951
367.484,1070951
367.518,1070950
367.559,1070950
367.593,1070951
367.635,1070951
367.67,1070951
367.703,1070951
367.738,1070951
367.778,1070951
367.812,1070951
367.846,1070951
367.888,1070951
367.922,1070951
367.964,1070952
367.999,1070951
368.032,1070952
368.067,1070952
368.109,1070951
368.143,1070952
368.177,1070952
368.22,1070952
368.253,1070952
368.295,1070952
368.329,1070952
368.364,1070952
368.407,1070953
368.441,1070953
368.475,1070953
368.517,1070953
368.551,1070952
368.585,1070953
368.627,1070953
368.661,1070953
368.703,1070953
368.738,1070954
368.772,1070953
368.814,1070954
368.848,1070954
368.882,1070954
368.916,1070954
368.957,1070954
368.991,1070954
369.033,1070954
369.068,1070954
369.102,1070954
369.144,1070954
369.178,1070955
369.212,1070955
369.246,1070954
369.288,1070955
369.322,1070954
369.356,1070955
369.398,1070955
369.432,1070955
369.466,1070955
369.509,1070955
369.543,1070955
369.577,1070955
369.619,1070956
369.653,1070956
369.687,1070956
369.727,1070956
369.761,1070956
369.795,1070956
369.836,1070956
369.871,1070956
369.905,1070956
369.946,1070956
369.981,1070956
370.015,1070956
370.055,1070956
370.089,1070956
370.123,1070957
370.165,1070956
370.201,1070957
370.241,1070957
370.281,1070956
370.32,1070957
370.361,1070957
370.398,1070957
370.44,1070958
370.477,1070958
370.511,1070957
370.552,1070958
370.587,1070958
370.621,1070958
370.655,1070958
370.697,1070958
370.73,1070958
370.772,1070958
370.807,1070959
370.849,1070958
370.885,1070958
370.92,1070958
370.961,1070959
370.996,1070958
371.03,1070959
371.064,1070959
371.105,1070959
371.139,1070959
371.182,1070959
371.216,1070959
371.25,1070960
371.291,1070959
371.325,1070960
371.359,1070960
371.393,1070960
371.43,1070960
371.466,1070960
371.508,1070960
371.545,1070960
371.579,1070960
371.62,1070960
371.655,1070960
371.69,1070961
371.724,1070961
371.766,1070960
371.8,1070961
371.839,1070961
371.875,1070961
371.917,1070961
371.954,1070961
371.988,1070961
372.031,1070961
372.065,1070961
372.099,1070961
372.141,1070961
372.175,1070961
372.209,1070962
372.25,1070961
372.284,1070962
372.326,1070962
372.36,1070962
372.394,1070962
372.429,1070962
372.469,1070962
372.503,1070962
372.537,1070962
372.579,1070962
372.613,1070962
372.655,1070963
372.69,1070963
372.724,1070963
372.758,1070963
372.792,1070963
372.833,1070963
372.866,1070963
372.908,1070963
372.943,1070963
372.977,1070963
373.018,1070964
373.053,1070964
373.086,1070963
373.121,1070964
373.162,1070964
373.195,1070964
373.23,1070964
373.271,1070964
373.305,1070964
373.348,1070964
373.382,1070965
373.416,1070964
373.457,1070964
373.491,1070965
373.525,1070964
373.567,1070964
373.601,1070965
373.644,1070965
373.684,1070965
373.723,1070965
373.764,1070965
373.8,1070965
373.834,1070965
373.868,1070965
373.91,1070966
373.943,1070966
373.984,1070965
374.018,1070965
374.052,1070966
374.094,1070965
374.128,1070966
374.162,1070966
374.196,1070966
374.237,1070966
374.271,1070966
374.313,1070966
374.347,1070966
374.381,1070967
374.424,1070966
374.458,1070966
374.492,1070966
374.533,1070967
374.567,1070967
374.601,1070966
374.643,1070967
374.677,1070967
374.719,1070967
374.753,1070967
374.787,1070967
374.821,1070967
374.863,1070967
374.897,1070967
374.931,1070967
374.973,1070968
375.007,1070967
375.049,1070968
375.083,1070968
375.117,1070967
375.159,1070968
375.193,1070967
375.227,1070968
375.269,1070968
375.303,1070968
375.337,1070968
375.378,1070968
375.412,1070968
375.454,1070968
375.489,1070968
375.523,1070968
375.557,1070969
375.599,1070969
375.633,1070969
375.667,1070969
375.708,1070968
375.742,1070969
375.784,1070968
375.819,1070969
375.852,1070969
375.887,1070969
375.927,1070969
375.961,1070970
375.995,1070969
376.037,1070969
376.071,1070970
376.113,1070970
376.147,1070969
376.181,1070969
376.224,1070970
376.258,1070970
376.292,1070970
376.333,1070970
376.367,1070970
376.401,1070970
376.443,1070970
376.477,1070971
376.519,1070970
376.553,1070971
376.587,1070971
376.629,1070971
376.664,1070971
376.697,1070970
376.731,1070971
376.771,1070971
376.805,1070971
376.847,1070971
376.882,1070972
376.916,1070972
376.958,1070971
376.992,1070971
377.026,1070971
377.06,1070971
377.1,1070971
377.134,1070971
377.176,1070972
377.21,1070971
377.244,1070971
377.287,1070971
377.321,1070971
377.355,1070972
377.396,1070972
377.434,1070972
377.474,1070971
377.514,1070971
377.553,1070972
377.594,1070972
377.633,1070972
377.674,1070972
377.711,1070972
377.745,1070972
377.786,1070972
377.82,1070973
377.854,1070972
377.889,1070973
377.929,1070973
377.963,1070973
378.005,1070973
378.039,1070973
378.073,1070973
378.108,1070973
378.149,1070973
378.183,1070973
378.217,1070974
378.259,1070973
378.293,1070973
378.335,1070973
378.37,1070973
378.404,1070973
378.447,1070974
378.48,1070973
378.514,1070974
378.557,1070974
378.59,1070974
378.624,1070974
378.666,1070974
378.701,1070974
378.735,1070974
378.776,1070974
378.81,1070974
378.844,1070974
378.887,1070974
378.921,1070974
378.955,1070974
378.997,1070974
379.03,1070974
379.072,1070974
379.107,1070975
379.141,1070975
379.175,1070975
379.216,1070975
379.25,1070975
379.284,1070975
379.327,1070975
379.361,1070975
379.403,1070975
379.437,1070975
379.471,1070975
379.506,1070975
379.546,1070975
379.58,1070975
379.614,1070975
379.655,1070975
379.689,1070975
379.723,1070975
379.766,1070975
379.801,1070976
379.835,1070976
379.877,1070976
379.911,1070976
379.945,1070976
379.987,1070976
380.021,1070976
380.063,1070976
380.098,1070977
380.132,1070976
380.166,1070976
380.207,1070977
380.241,1070976
380.275,1070977
380.317,1070977
380.351,1070977
380.393,1070977
380.427,1070977
380.461,1070977
380.496,1070977
380.537,1070978
380.57,1070978
380.604,1070978
380.646,1070978
380.68,1070977
380.722,1070978
380.756,1070978
380.79,1070978
380.824,1070977
380.867,1070978
380.9,1070978
380.934,1070978
380.973,1070978
381.009,1070978
381.051,1070978
381.088,1070978
381.122,1070978
381.163,1070979
381.198,1070979
381.232,1070979
381.266,1070979
381.308,1070979
381.342,1070979
381.383,1070978
381.418,1070978
381.46,1070979
381.497,1070979
381.531,1070979
381.572,1070979
381.606,1070979
381.64,1070979
381.674,1070979
381.716,1070979
381.75,1070980
381.791,1070979
381.827,1070980
381.868,1070980
381.906,1070980
381.939,1070980
381.98,1070980
382.017,1070980
382.051,1070980
382.085,1070980
382.125,1070980
382.159,1070981
382.201,1070980
382.235,1070980
382.269,1070981
382.31,1070981
382.344,1070980
382.378,1070980
382.412,1070981
382.454,1070981
382.488,1070981
382.522,1070981
382.565,1070981
382.598,1070981
382.633,1070981
382.674,1070981
382.708,1070980
382.742,1070981
382.785,1070981
382.818,1070981
382.86,1070981
382.895,1070982
382.929,1070981
382.971,1070982
383.005,1070981
383.039,1070981
383.081,1070982
383.115,1070982
383.149,1070981
383.191,1070981
383.225,1070982
383.259,1070982
383.302,1070982
383.336,1070982
383.37,1070982
383.41,1070982
383.444,1070983
383.478,1070983
383.52,1070983
383.555,1070983
383.589,1070982
383.628,1070983
383.662,1070982
383.696,1070983
383.736,1070983
383.774,1070983
383.816,1070983
383.854,1070983
383.894,1070983
383.934,1070983
383.974,1070983
384.014,1070983
384.052,1070983
384.094,1070983
384.131,1070983
384.165,1070984
384.206,1070983
384.24,1070984
384.274,1070984
384.308,1070984
384.348,1070984
384.382,1070984
384.424,1070984
384.459,1070984
384.493,1070984
384.535,1070984
384.569,1070983
384.603,1070984
384.637,1070984
384.679,1070984
384.712,1070984
384.754,1070984
384.788,1070984
384.823,1070985
384.865,1070984
384.899,1070985
384.933,1070985
384.974,1070985
385.007,1070985
385.041,1070985
385.084,1070985
385.118,1070986
385.152,1070985
385.194,1070985
385.227,1070986
385.262,1070985
385.304,1070985
385.338,1070985
385.372,1070986
385.413,1070986
385.448,1070986
385.482,1070986
385.523,1070986
385.557,1070986
385.591,1070986
385.633,1070986
385.667,1070986
385.702,1070986
385.744,1070986
385.778,1070987
385.812,1070987
385.855,1070987
385.888,1070987
385.923,1070987
385.957,1070988
385.997,1070987
386.03,1070987
386.072,1070987
386.106,1070987
386.14,1070987
386.175,1070987
386.215,1070987
386.249,1070987
386.283,1070987
386.326,1070987
386.359,1070987
386.401,1070987
386.436,1070988
386.47,1070988
386.504,1070988
386.545,1070988
386.579,1070988
386.614,1070988
386.655,1070988
386.688,1070988
386.73,1070988
386.764,1070988
386.798,1070988
386.833,1070988
386.874,1070988
386.907,1070988
386.941,1070988
386.984,1070989
387.018,1070989
387.06,1070989
387.094,1070989
387.128,1070989
387.162,1070989
387.205,1070989
387.238,1070989
387.273,1070989
387.314,1070989
387.348,1070989
387.39,1070989
387.424,1070989
387.458,1070989
387.493,1070990
387.534,1070990
387.568,1070989
387.602,1070989
387.644,1070990
387.678,1070990
387.72,1070989
387.754,1070990
387.788,1070990
387.823,1070990
387.865,1070990
387.899,1070990
387.933,1070990
387.974,1070990
388.007,1070990
388.049,1070990
388.084,1070990
388.118,1070990
388.152,1070990
388.194,1070991
388.227,1070991
388.261,1070990
388.302,1070990
388.336,1070991
388.378,1070991
388.413,1070991
388.446,1070991
388.481,1070991
388.523,1070991
388.556,1070991
388.59,1070991
388.632,1070991
388.666,1070991
388.708,1070991
388.742,1070991
388.776,1070991
388.81,1070992
388.852,1070991
388.885,1070992
388.928,1070991
388.963,1070991
388.996,1070992
389.039,1070991
389.073,1070992
389.115,1070992
389.155,1070992
389.193,1070992
389.235,1070992
389.27,1070992
389.305,1070992
389.339,1070992
389.38,1070992
389.414,1070992
389.455,1070992
389.49,1070992
389.532,1070992
389.567,1070993
389.602,1070993
389.644,1070993
389.678,1070993
389.712,1070993
389.746,1070993
389.789,1070993
389.823,1070993
389.862,1070993
389.899,1070993
389.94,1070993
389.977,1070993
390.011,1070994
390.052,1070993
390.087,1070993
390.121,1070994
390.155,1070994
390.197,1070994
390.23,1070994
390.272,1070994
390.307,1070994
390.341,1070994
390.382,1070994
390.416,1070994
390.45,1070994
390.484,1070994
390.526,1070994
390.559,1070994
390.601,1070994
390.635,1070994
390.67,1070994
390.703,1070994
390.745,1070994
390.779,1070995
390.813,1070994
390.855,1070994
390.889,1070995
390.931,1070994
390.965,1070995
390.999,1070994
391.033,1070995
391.073,1070994
391.107,1070995
391.141,1070995
391.183,1070995
391.217,1070995
391.259,1070995
391.293,1070996
391.327,1070995
391.369,1070995
391.403,1070995
391.437,1070996
391.478,1070996
391.511,1070996
391.546,1070995
391.588,1070995
391.622,1070996
391.663,1070996
391.704,1070996
391.741,1070996
391.775,1070996
391.809,1070996
391.849,1070996
391.883,1070996
391.925,1070997
391.959,1070997
391.994,1070996
392.028,1070997
392.07,1070997
392.103,1070997
392.137,1070997
392.179,1070997
392.213,1070997
392.256,1070997
392.29,1070997
392.324,1070997
392.358,1070998
392.4,1070997
392.434,1070998
392.468,1070998
392.509,1070998
392.543,1070998
392.586,1070998
392.62,1070998
392.654,1070998
392.697,1070998
392.731,1070998
392.765,1070998
392.807,1070998
392.841,1070998
392.876,1070998
392.918,1070999
392.952,1070999
392.986,1070999
393.027,1070999
393.061,1070998
393.095,1070999
393.136,1070999
393.171,1071000
393.205,1071000
393.247,1071000
393.281,1070999
393.315,1071000
393.357,1071000
393.391,1071000
393.425,1071000
393.465,1071000
393.5,1071000
393.534,1071000
393.576,1071000
393.61,1071000
393.653,1071000
393.693,1071001
393.732,1071000
393.774,1071000
393.811,1071000
393.853,1071001
393.89,1071001
393.923,1071001
393.957,1071001
393.999,1071001
394.033,1071001
394.075,1071001
394.11,1071001
394.152,1071001
394.186,1071002
394.221,1071002
394.255,1071001
394.294,1071001
394.328,1071001
394.363,1071002
394.405,1071002
394.439,1071002
394.482,1071002
394.516,1071002
394.55,1071002
394.592,1071002
394.626,1071002
394.66,1071002
394.701,1071002
394.736,1071003
394.77,1071002
394.812,1071003
394.846,1071003
394.887,1071003
394.928,1071003
394.965,1071003
395.007,1071003
395.043,1071003
395.077,1071003
395.112,1071003
395.152,1071003
395.186,1071003
395.228,1071003
395.262,1071003
395.296,1071004
395.339,1071004
395.373,1071004
395.407,1071004
395.45,1071004
395.483,1071004
395.518,1071004
395.56,1071004
395.594,1071004
395.629,1071004
395.669,1071005
395.703,1071005
395.738,1071005
395.78,1071005
395.814,1071005
395.848,1071005
395.89,1071005
395.925,1071005
395.968,1071005
396.008,1071005
396.046,1071005
396.087,1071006
396.123,1071006
396.158,1071006
396.192,1071006
396.234,1071006
396.269,1071006
396.303,1071006
396.344,1071006
396.379,1071006
396.42,1071006
396.454,1071006
396.488,1071006
396.53,1071006
396.564,1071006
396.606,1071006
396.643,1071007
396.685,1071007
396.724,1071007
396.764,1071007
396.804,1071007
396.841,1071007
396.884,1071007
396.92,1071007
396.954,1071007
396.996,1071008
397.031,1071008
397.065,1071008
397.099,1071008
397.14,1071008
397.173,1071008
397.216,1071008
397.25,1071008
397.292,1071008
397.327,1071008
397.361,1071008
397.401,1071008
397.435,1071008
397.469,1071008
397.51,1071008
397.545,1071008
397.587,1071008
397.626,1071009
397.665,1071009
397.706,1071009
397.744,1071009
397.786,1071009
397.822,1071009
397.856,1071009
397.898,1071009
397.933,1071009
397.967,1071009
398.009,1071010
398.043,1071009
398.078,1071009
398.118,1071010
398.153,1071009
398.195,1071010
398.229,1071010
398.264,1071010
398.305,1071010
398.339,1071010
398.373,1071010
398.414,1071010
398.448,1071010
398.49,1071009
398.528,1071010
398.566,1071010
398.608,1071011
398.646,1071010
398.688,1071011
398.724,1071011
398.758,1071011
398.8,1071011
398.834,1071011
398.868,1071011
398.903,1071011
398.943,1071012
398.977,1071011
399.019,1071011
399.053,1071011
399.087,1071011
399.121,1071011
399.163,1071011
399.197,1071011
399.231,1071011
399.273,1071011
399.307,1071011
399.349,1071011
399.384,1071011
399.418,1071011
399.46,1071012
399.494,1071012
399.529,1071012
399.57,1071012
399.604,1071012
399.639,1071012
399.681,1071012
399.715,1071012
399.756,1071012
399.796,1071012
399.835,1071012
399.877,1071012
399.913,1071012
399.947,1071012
399.981,1071012
400.024,1071012
400.057,1071013
400.097,1071013
400.133,1071013
400.175,1071012
400.211,1071013
400.245,1071013
400.287,1071013
400.322,1071013
400.356,1071013
400.39,1071013
400.432,1071013
400.466,1071013
400.508,1071014
400.543,1071013
400.585,1071014
400.619,1071014
400.653,1071014
400.695,1071013
400.729,1071014
400.763,1071014
400.806,1071013
400.84,1071013
400.874,1071014
400.916,1071014
400.951,1071014
400.992,1071014
401.032,1071014
401.07,1071014
401.103,1071014
401.138,1071014
401.179,1071014
401.213,1071014
401.255,1071014
401.289,1071014
401.331,1071014
401.366,1071015
401.4,1071014
401.443,1071014
401.476,1071014
401.511,1071015
401.551,1071015
401.586,1071015
401.62,1071015
401.662,1071015
401.696,1071014
401.731,1071015
401.77,1071014
401.804,1071015
401.838,1071015
401.88,1071015
401.922,1071015
401.959,1071016
402.001,1071015
402.037,1071015
402.07,1071015
402.113,1071015
402.147,1071016
402.181,1071016
402.223,1071016
402.257,1071015
402.291,1071016
402.334,1071016
402.368,1071016
402.402,1071016
402.444,1071016
402.478,1071016
402.512,1071016
402.553,1071017
402.587,1071016
402.621,1071016
402.663,1071017
402.698,1071017
402.74,1071017
402.774,1071016
402.808,1071017
402.851,1071016
402.885,1071017
402.919,1071017
402.96,1071017
402.994,1071017
403.028,1071017
403.07,1071017
403.105,1071017
403.147,1071017
403.187,1071018
403.226,1071018
403.268,1071017
403.304,1071017
403.338,1071017
403.372,1071017
403.412,1071018
403.446,1071017
403.488,1071017
403.523,1071018
403.557,1071018
403.591,1071018
403.632,1071019
403.666,1071018
403.7,1071018
403.741,1071018
403.775,1071019
403.809,1071019
403.851,1071019
403.885,1071018
403.919,1071019
403.962,1071019
403.996,1071019
404.03,1071019
404.071,1071019
404.106,1071019
404.148,1071019
404.182,1071019
404.216,1071019
404.258,1071019
404.292,1071019
404.326,1071019
404.368,1071019
404.402,1071019
404.437,1071019
404.479,1071020
404.513,1071019
404.548,1071020
404.588,1071020
404.622,1071020
404.665,1071020
404.699,1071020
404.733,1071020
404.776,1071020
404.811,1071020
404.853,1071020
404.892,1071020
404.932,1071020
404.973,1071021
405.011,1071020
405.052,1071020
405.089,1071021
405.123,1071021
405.165,1071021
405.2,1071020
405.242,1071021
405.276,1071021
405.31,1071021
405.352,1071021
405.386,1071021
405.428,1071021
405.465,1071021
405.507,1071021
405.546,1071021
405.587,1071020
405.626,1071021
405.666,1071021
405.707,1071021
405.742,1071021
405.785,1071021
405.82,1071021
405.855,1071021
405.897,1071021
405.931,1071021
405.965,1071022
406,1071021
406.042,1071022
406.076,1071022
406.118,1071022
406.152,1071022
406.195,1071022
406.231,1071022
406.265,1071022
406.307,1071022
406.341,1071022
406.376,1071022
406.41,1071022
406.451,1071022
406.485,1071022
406.527,1071022
406.561,1071022
406.596,1071022
406.638,1071022
406.672,1071023
406.706,1071023
406.748,1071023
406.782,1071023
406.816,1071022
406.858,1071023
406.893,1071023
406.927,1071023
406.967,1071023
407.002,1071023
407.036,1071023
407.077,1071023
407.111,1071023
407.146,1071023
407.188,1071023
407.222,1071023
407.257,1071023
407.299,1071023
407.333,1071024
407.367,1071024
407.41,1071024
407.444,1071024
407.478,1071024
407.52,1071024
407.555,1071024
407.589,1071024
407.631,1071024
407.666,1071024
407.707,1071024
407.741,1071024
407.779,1071024
407.817,1071024
407.859,1071025
407.896,1071025
407.93,1071024
407.972,1071024
408.007,1071024
408.04,1071024
408.074,1071025
408.116,1071025
