START TIME:2025-04-20 09:37:07,
STEP-01 Resistance,
,
TIME(S),R(OHM)
0.129,1154146
0.171,1154115
0.212,1154119
0.252,1154152
0.29,1154127
0.325,1154075
0.367,1154105
0.402,1154059
0.438,1154071
0.48,1154061
0.514,1154046
0.55,1154086
0.591,1154067
0.626,1154004
0.667,1154024
0.702,1154052
0.745,1154124
0.782,1154039
0.816,1154009
0.858,1154068
0.894,1153997
0.929,1153991
0.964,1153985
1.004,1153983
1.039,1154040
1.078,1154048
1.114,1154010
1.157,1153998
1.193,1153984
1.228,1154034
1.27,1154005
1.305,1153947
1.34,1153933
1.382,1153977
1.417,1153972
1.452,1153938
1.493,1153959
1.528,1153886
1.569,1153897
1.604,1153875
1.646,1153908
1.682,1153914
1.717,1153841
1.759,1153914
1.794,1153910
1.829,1153884
1.864,1153832
1.904,1153814
1.938,1153816
1.978,1153820
2.014,1153834
2.057,1153784
2.093,1153834
2.128,1153827
2.17,1153817
2.206,1153740
2.241,1153837
2.283,1153810
2.318,1153768
2.353,1153781
2.394,1153735
2.429,1153706
2.464,1153744
2.506,1153764
2.541,1153702
2.584,1153732
2.619,1153758
2.654,1153663
2.696,1153702
2.731,1153676
2.766,1153741
2.805,1153757
2.841,1153661
2.883,1153689
2.919,1153720
2.961,1153725
2.997,1153651
3.032,1153668
3.074,1153613
3.109,1153644
3.144,1153707
3.186,1153653
3.222,1153693
3.257,1153594
3.299,1153608
3.334,1153670
3.377,1153649
3.412,1153630
3.455,1153684
3.494,1153530
3.534,1153592
3.575,1153639
3.614,1153614
3.655,1153580
3.693,1153592
3.735,1153619
3.772,1153601
3.814,1153499
3.852,1153542
3.886,1153559
3.921,1153545
3.963,1153517
3.998,1153580
4.035,1153564
4.075,1153562
4.115,1153567
4.154,1153561
4.195,1153569
4.233,1153487
4.276,1153507
4.313,1153460
4.355,1153429
4.392,1153466
4.427,1153476
4.469,1153518
4.504,1153435
4.539,1153437
4.582,1153517
4.617,1153495
4.652,1153406
4.693,1153426
4.728,1153460
4.77,1153432
4.805,1153456
4.848,1153454
4.883,1153442
4.926,1153408
4.961,1153442
4.997,1153430
5.04,1153438
5.075,1153426
5.11,1153351
5.15,1153378
5.185,1153370
5.228,1153345
5.263,1153412
5.305,1153213
5.34,1153310
5.383,1153320
5.419,1153340
5.454,1153326
5.496,1153275
5.531,1153228
5.574,1153322
5.61,1153282
5.652,1153248
5.691,1153271
5.731,1153304
5.771,1153227
5.81,1153298
5.852,1153280
5.889,1153262
5.932,1153174
5.969,1153263
6.004,1153269
6.039,1153296
6.081,1153213
6.115,1153211
6.152,1153223
6.191,1153175
6.232,1153265
6.271,1153179
6.312,1153174
6.35,1153184
6.392,1153202
6.428,1153114
6.47,1153130
6.507,1153139
6.543,1153162
6.585,1153142
6.62,1153109
6.655,1153152
6.697,1153185
6.732,1153064
6.767,1153084
6.808,1153034
6.842,1153049
6.884,1153121
6.919,1153045
6.962,1153051
6.997,1153059
7.032,1153070
7.075,1153055
7.111,1152994
7.152,1153057
7.187,1153074
7.222,1153003
7.263,1153001
7.298,1152954
7.333,1152972
7.375,1152994
7.409,1153014
7.452,1152965
7.488,1152991
7.523,1152919
7.566,1152976
7.601,1153011
7.642,1152973
7.677,1153008
7.712,1152934
7.754,1152960
7.789,1152999
7.824,1152980
7.866,1152883
7.901,1152910
7.944,1152985
7.98,1152955
8.015,1152926
8.058,1152888
8.093,1152895
8.135,1152891
8.169,1152802
8.205,1152879
8.246,1152885
8.281,1152846
8.316,1152869
8.357,1152888
8.392,1152799
8.435,1152835
8.47,1152871
8.505,1152800
8.547,1152787
8.582,1152844
8.617,1152835
8.658,1152813
8.692,1152759
8.727,1152800
8.767,1152796
8.802,1152676
8.845,1152726
8.88,1152678
8.916,1152752
8.959,1152712
8.994,1152777
9.029,1152712
9.069,1152696
9.104,1152731
9.14,1152724
9.18,1152715
9.215,1152690
9.258,1152676
9.293,1152709
9.329,1152675
9.371,1152669
9.406,1152719
9.442,1152739
9.483,1152650
9.518,1152661
9.56,1152686
9.596,1152708
9.631,1152573
9.672,1152632
9.707,1152680
9.75,1152697
9.786,1152652
9.821,1152663
9.865,1152665
9.9,1152623
9.942,1152590
9.977,1152588
10.012,1152598
10.052,1152617
10.088,1152659
10.123,1162255
10.165,1150025
10.201,1162447
10.244,1165611
10.279,1166457
10.323,1165312
10.358,1166487
10.393,1167283
10.437,1168001
10.472,1168769
10.514,1169596
10.549,1170346
10.592,1170460
10.627,1171438
10.663,1172724
10.702,1173273
10.738,1173401
10.773,1173745
10.816,1174724
10.852,1175017
10.893,1174890
10.935,1175589
10.972,1176026
11.015,1176529
11.051,1176466
11.086,1176656
11.121,1177345
11.162,1177336
11.197,1178089
11.235,1178284
11.274,1177949
11.316,1178116
11.352,1178417
11.395,1178978
11.431,1179199
11.466,1179048
11.508,1179512
11.544,1179880
11.579,1179450
11.621,1180203
11.656,1180207
11.692,1180256
11.732,1180671
11.767,1180349
11.808,1180620
11.843,1181113
11.886,1180914
11.923,1181258
11.958,1181339
12,1181304
12.035,1181589
12.07,1181849
12.112,1181708
12.147,1182123
12.183,1182325
12.224,1182003
12.259,1182226
12.3,1182475
12.335,1182791
12.378,1182941
12.414,1182757
12.449,1183350
12.491,1183092
12.527,1182845
12.569,1183213
12.604,1183704
12.64,1183575
12.68,1183962
12.716,1184130
12.758,1184063
12.793,1184101
12.828,1183865
12.871,1184221
12.907,1184368
12.949,1184236
12.989,1184067
13.029,1184896
13.07,1184746
13.107,1184936
13.149,1184633
13.186,1184617
13.221,1184627
13.256,1184910
13.297,1185091
13.332,1185394
13.37,1185130
13.409,1185339
13.451,1185264
13.488,1185796
13.531,1185382
13.567,1185513
13.602,1185835
13.644,1185750
13.679,1186022
13.714,1186161
13.756,1186205
13.791,1185926
13.826,1186151
13.867,1186384
13.901,1186634
13.944,1186243
13.98,1186218
14.023,1186693
14.058,1186841
14.094,1186645
14.137,1186890
14.172,1186744
14.215,1186746
14.25,1186884
14.285,1187099
14.326,1186969
14.36,1187043
14.396,1186953
14.437,1187476
14.472,1187457
14.515,1187171
14.551,1187337
14.593,1187320
14.633,1187232
14.671,1187722
14.713,1187635
14.75,1187346
14.785,1187498
14.827,1187672
14.862,1188103
14.904,1188146
14.94,1187618
14.982,1187980
15.017,1188109
15.053,1188170
15.094,1188226
15.129,1188545
15.172,1188310
15.208,1188177
15.243,1188253
15.286,1188629
15.322,1188596
15.362,1188136
15.397,1188369
15.432,1189266
15.472,1188885
15.507,1188629
15.542,1188902
15.585,1188780
15.621,1189157
15.661,1188892
15.702,1188567
15.739,1188989
15.774,1189329
15.809,1189323
15.849,1188782
15.884,1188968
15.927,1189603
15.962,1189245
16.004,1189166
16.04,1189295
16.083,1189170
16.118,1189139
16.154,1189273
16.196,1189420
16.231,1189649
16.274,1189531
16.309,1189245
16.344,1189830
16.385,1189856
16.42,1189401
16.455,1189685
16.497,1189952
16.532,1189732
16.575,1190377
16.611,1189810
16.653,1190144
16.693,1190004
16.732,1190057
16.774,1190363
16.812,1190471
16.854,1189931
16.89,1189938
16.933,1190069
16.969,1190291
17.004,1190264
17.046,1190506
17.082,1190027
17.117,1190227
17.157,1190323
17.193,1190503
17.233,1190177
17.269,1189896
17.312,1190572
17.348,1190661
17.383,1190668
17.425,1190417
17.461,1190554
17.496,1190599
17.539,1190653
17.574,1190716
17.609,1190593
17.65,1190912
17.685,1190822
17.726,1190996
17.761,1190845
17.804,1190844
17.84,1191068
17.875,1191479
17.917,1191099
17.953,1191036
17.988,1190934
18.028,1191139
18.063,1190825
18.099,1190668
18.139,1191291
18.174,1191643
18.217,1191221
18.253,1191196
18.296,1190934
18.331,1191032
18.367,1191038
18.41,1191181
18.445,1191352
18.48,1191228
18.521,1191149
18.556,1191459
18.591,1191544
18.633,1191203
18.668,1191328
18.71,1191301
18.745,1190945
18.788,1191623
18.824,1191777
18.859,1191416
18.902,1191539
18.938,1191654
18.98,1191609
19.016,1191534
19.051,1191081
19.091,1191445
19.126,1191819
19.162,1191403
19.204,1191622
19.239,1191640
19.282,1191418
19.318,1191442
19.36,1191364
19.4,1191581
19.44,1191429
19.475,1191574
19.511,1191978
19.552,1191766
19.587,1191718
19.626,1191793
19.663,1191770
19.706,1191283
19.742,1191582
19.785,1191349
19.822,1191623
19.858,1191678
19.9,1191436
19.935,1191582
19.97,1191921
20.013,1191661
20.047,1191641
20.083,1191728
20.123,1191836
20.158,1193196
20.201,1193052
20.237,1193518
20.28,1192192
20.315,1189891
20.351,1187923
20.393,1185836
20.428,1183792
20.464,1182176
20.504,1180849
20.539,1179872
20.575,1178553
20.616,1177288
20.651,1176376
20.694,1175738
20.729,1174921
20.772,1174277
20.808,1173883
20.843,1173355
20.886,1172707
20.922,1172290
20.964,1171820
21,1171730
21.042,1171254
21.077,1170609
21.112,1170568
21.153,1170014
21.189,1169710
21.224,1169805
21.267,1168968
21.302,1168948
21.341,1168757
21.383,1168399
21.421,1167896
21.463,1167575
21.501,1167453
21.543,1167128
21.581,1167007
21.623,1166920
21.66,1166698
21.702,1166297
21.739,1166200
21.774,1166087
21.809,1165619
21.85,1165564
21.885,1165170
21.924,1165065
21.96,1165095
22.003,1164769
22.039,1164533
22.074,1164441
22.116,1164237
22.152,1164232
22.187,1163950
22.229,1164095
22.264,1163859
22.3,1163357
22.34,1163194
22.375,1163326
22.418,1162968
22.453,1163092
22.496,1162880
22.532,1162950
22.567,1162573
22.611,1162390
22.646,1162410
22.689,1162444
22.724,1161879
22.759,1161844
22.801,1162030
22.836,1162056
22.871,1161647
22.911,1161759
22.946,1161319
22.989,1161376
23.025,1161313
23.06,1161264
23.102,1161007
23.138,1161013
23.18,1160982
23.215,1161099
23.25,1160930
23.29,1160716
23.325,1160789
23.36,1160465
23.402,1160426
23.437,1160581
23.48,1160523
23.516,1160158
23.558,1160509
23.598,1160257
23.637,1160094
23.678,1159867
23.717,1159743
23.758,1159973
23.796,1159858
23.838,1159510
23.875,1159818
23.91,1159647
23.945,1159627
23.987,1159758
24.022,1159679
24.059,1159312
24.098,1159109
24.139,1159221
24.177,1158810
24.22,1158834
24.256,1158797
24.298,1158902
24.335,1158988
24.37,1158255
24.412,1158403
24.447,1158591
24.483,1158459
24.518,1158145
24.558,1158306
24.592,1157994
24.632,1158032
24.669,1158295
24.712,1157590
24.748,1158085
24.784,1157940
24.826,1157881
24.862,1157719
24.897,1157555
24.937,1157692
24.972,1157761
25.007,1157288
25.049,1157197
25.084,1157367
25.126,1157210
25.162,1157159
25.204,1156992
25.24,1156968
25.275,1157285
25.318,1157041
25.354,1156735
25.389,1156726
25.429,1156816
25.464,1156671
25.499,1156694
25.541,1156770
25.576,1156473
25.618,1156327
25.654,1156404
25.696,1156406
25.732,1156254
25.767,1156066
25.81,1156400
25.845,1156258
25.88,1156052
25.922,1156304
25.957,1155631
25.992,1156087
26.033,1155983
26.068,1155784
26.11,1155968
26.146,1155417
26.189,1155571
26.224,1155790
26.259,1155929
26.302,1155520
26.337,1155386
26.372,1155393
26.413,1155555
26.448,1155549
26.484,1155316
26.524,1155330
26.56,1155536
26.603,1155140
26.638,1155347
26.681,1155418
26.717,1155259
26.752,1155178
26.795,1155027
26.83,1154967
26.866,1155248
26.906,1155017
26.942,1154678
26.977,1155037
27.017,1154803
27.052,1154633
27.095,1154659
27.13,1154394
27.173,1154507
27.209,1154495
27.244,1154671
27.287,1154397
27.323,1154217
27.358,1154267
27.397,1154393
27.432,1154301
27.468,1154180
27.507,1154024
27.543,1153934
27.586,1153871
27.621,1154166
27.656,1153984
27.7,1153926
27.735,1153699
27.776,1153863
27.812,1154070
27.847,1153611
27.888,1153514
27.923,1153552
27.959,1153671
28,1153618
28.035,1153499
28.078,1153590
28.114,1153663
28.154,1153441
28.195,1153275
28.234,1153252
28.275,1153383
28.313,1153260
28.348,1153041
28.383,1153255
28.424,1153341
28.459,1152694
28.497,1152941
28.535,1153003
28.577,1153168
28.613,1152840
28.648,1152715
28.69,1152718
28.725,1153203
28.761,1152649
28.803,1152599
28.838,1152735
28.873,1152530
28.914,1152393
28.949,1152593
28.991,1152530
29.026,1152423
29.069,1152406
29.105,1152454
29.141,1152476
29.183,1152079
29.218,1152151
29.253,1152234
29.295,1152259
29.33,1152168
29.365,1152217
29.406,1152231
29.441,1151902
29.484,1151933
29.519,1151956
29.562,1151970
29.597,1151854
29.633,1151942
29.676,1152038
29.711,1151851
29.752,1151868
29.787,1151663
29.823,1151860
29.863,1151644
29.898,1151587
29.933,1151795
29.975,1151795
30.011,1157126
30.054,1149527
30.089,1158236
30.13,1163830
30.171,1165227
30.21,1164376
30.252,1164684
30.29,1164681
30.332,1165023
30.37,1165363
30.412,1165963
30.448,1166839
30.483,1167583
30.519,1169063
30.56,1169261
30.595,1170358
30.638,1171616
30.674,1172010
30.714,1172346
30.749,1173318
30.792,1173689
30.828,1174061
30.863,1175029
30.906,1175210
30.942,1175734
30.977,1176197
31.017,1176699
31.052,1176977
31.088,1177002
31.129,1177360
31.164,1177970
31.207,1178106
31.242,1178436
31.286,1178527
31.321,1179209
31.357,1179395
31.4,1179276
31.435,1179355
31.478,1180216
31.513,1180434
31.549,1180131
31.589,1180342
31.625,1180989
31.66,1180905
31.7,1180761
31.735,1181339
31.779,1181533
31.814,1181686
31.85,1181525
31.893,1181906
31.928,1182109
31.968,1181934
32.003,1181889
32.039,1182168
32.08,1182603
32.115,1182818
32.151,1182344
32.194,1182890
32.229,1182578
32.272,1182779
32.308,1183072
32.349,1183397
32.39,1183282
32.428,1183263
32.47,1183277
32.507,1183811
32.542,1183833
32.577,1183638
32.618,1183872
32.653,1183842
32.691,1183918
32.729,1183995
32.772,1184239
32.808,1184654
32.85,1184230
32.887,1184275
32.923,1184376
32.958,1184521
32.999,1185006
33.034,1184916
33.069,1185011
33.11,1184448
33.145,1184712
33.188,1184779
33.224,1185262
33.266,1185326
33.306,1185319
33.345,1185262
33.387,1185576
33.424,1185841
33.467,1185494
33.502,1185491
33.538,1185611
33.573,1185843
33.614,1185892
33.649,1186076
33.687,1186274
33.725,1186252
33.768,1185664
33.805,1186159
33.848,1186363
33.883,1186561
33.919,1186284
33.962,1186258
33.997,1186655
34.04,1186747
34.075,1186194
34.118,1186666
34.152,1186520
34.188,1186442
34.229,1186991
34.264,1186841
34.306,1186743
34.342,1187489
34.377,1187123
34.42,1187192
34.455,1186925
34.497,1187002
34.538,1187214
34.575,1187269
34.618,1187102
34.654,1187567
34.689,1187379
34.724,1187035
34.766,1187307
34.801,1187627
34.844,1187310
34.879,1187150
34.918,1187395
34.954,1187844
34.997,1187793
35.034,1187473
35.07,1187757
35.111,1187976
35.147,1187522
35.182,1187735
35.224,1188020
35.259,1187805
35.294,1187763
35.336,1188117
35.371,1188329
35.412,1188251
35.448,1188147
35.49,1188353
35.527,1188551
35.562,1188371
35.604,1188372
35.639,1188618
35.675,1188572
35.717,1188831
35.752,1188782
35.788,1188996
35.829,1188951
35.864,1188384
35.906,1188763
35.941,1189246
35.984,1188856
36.019,1188872
36.055,1188766
36.098,1188831
36.133,1188985
36.176,1188875
36.211,1189094
36.246,1189062
36.286,1188806
36.322,1188593
36.357,1189080
36.399,1189210
36.434,1189207
36.477,1188902
36.513,1188992
36.555,1189549
36.595,1189193
36.635,1188861
36.677,1189511
36.715,1188922
36.757,1189203
36.793,1189156
36.836,1189030
36.873,1189317
36.908,1189380
36.943,1189443
36.985,1189114
37.019,1189405
37.057,1189648
37.096,1189273
37.137,1189065
37.175,1189443
37.218,1189589
37.253,1189570
37.296,1189690
37.333,1189622
37.368,1189482
37.41,1189455
37.445,1189420
37.48,1189213
37.516,1189304
37.556,1189504
37.592,1189916
37.63,1189770
37.668,1189699
37.703,1189606
37.745,1189759
37.78,1189136
37.816,1189555
37.856,1189345
37.891,1189575
37.926,1189770
37.966,1189611
38.001,1189874
38.044,1189824
38.08,1189663
38.123,1189568
38.158,1189704
38.194,1190019
38.236,1189976
38.271,1189523
38.313,1189911
38.348,1189765
38.384,1189745
38.424,1189904
38.462,1189579
38.503,1190258
38.542,1189967
38.583,1189861
38.623,1190053
38.661,1189685
38.703,1189757
38.739,1190080
38.782,1189485
38.819,1190036
38.853,1189745
38.895,1189748
38.931,1190139
38.966,1190174
39.001,1189736
39.041,1190202
39.076,1190144
39.115,1189554
39.151,1190209
39.194,1190218
39.23,1190214
39.265,1190125
39.307,1189761
39.342,1190172
39.377,1189780
39.413,1189939
39.453,1190089
39.489,1190193
39.527,1190065
39.564,1189715
39.607,1189869
39.644,1190193
39.687,1190076
39.724,1190238
39.759,1190392
39.801,1189684
39.836,1189792
39.871,1189792
39.914,1189875
39.949,1190004
39.985,1190101
40.025,1189963
40.061,1190606
40.1,1190414
40.136,1191555
40.179,1191467
40.214,1191686
40.25,1191277
40.293,1189435
40.328,1187148
40.363,1184556
40.404,1182890
40.439,1181281
40.475,1179527
40.514,1178544
40.549,1177401
40.592,1176627
40.628,1175897
40.663,1175198
40.706,1174617
40.741,1174099
40.776,1173264
40.817,1172878
40.852,1172270
40.888,1171700
40.928,1171538
40.963,1171466
41.005,1170793
41.041,1170499
41.076,1170153
41.119,1169878
41.154,1169682
41.19,1169007
41.228,1168851
41.264,1168363
41.299,1168288
41.34,1167992
41.375,1167617
41.418,1167407
41.453,1167228
41.496,1167018
41.532,1166875
41.567,1166438
41.61,1166397
41.645,1166369
41.687,1165755
41.722,1165737
41.757,1165552
41.798,1165423
41.833,1165045
41.869,1165021
41.908,1164979
41.944,1164637
41.987,1164396
42.022,1164474
42.058,1164348
42.1,1164104
42.136,1163748
42.177,1163851
42.213,1163578
42.248,1163574
42.288,1163538
42.323,1163265
42.359,1163123
42.401,1162941
42.436,1162627
42.479,1162848
42.515,1162334
42.551,1162230
42.594,1162300
42.629,1162105
42.667,1162006
42.703,1162006
42.738,1161577
42.778,1161270
42.815,1161476
42.857,1161670
42.895,1161212
42.937,1160979
42.976,1160880
43.015,1161157
43.056,1160843
43.095,1160533
43.138,1160733
43.175,1160546
43.218,1160299
43.255,1160513
43.298,1160381
43.333,1160139
43.369,1160035
43.412,1159905
43.447,1160069
43.49,1159664
43.524,1159533
43.567,1159638
43.601,1159670
43.637,1159349
43.678,1159588
43.713,1159326
43.749,1159116
43.792,1159179
43.827,1159099
43.869,1158793
43.91,1158866
43.948,1158972
43.99,1158925
44.027,1158748
44.062,1158590
44.104,1158753
44.14,1158930
44.175,1158387
44.216,1158384
44.251,1158459
44.292,1158255
44.327,1158645
44.37,1158057
44.406,1158060
44.441,1158181
44.484,1157941
44.52,1157979
44.555,1157703
44.595,1157533
44.63,1157811
44.665,1157993
44.705,1157368
44.74,1157337
44.783,1157364
44.819,1157677
44.854,1157420
44.898,1157148
44.933,1157339
44.973,1157604
45.008,1157061
45.044,1157052
45.085,1157044
45.12,1157096
45.155,1157015
45.199,1156760
45.234,1157044
45.277,1157059
45.313,1156799
45.353,1156583
45.395,1156752
45.432,1156238
45.475,1156346
45.511,1156376
45.546,1156268
45.582,1156168
45.62,1156275
45.655,1156125
45.696,1156142
45.732,1155800
45.775,1155803
45.812,1155527
45.847,1155425
45.889,1155551
45.924,1155339
45.96,1155681
46.001,1155480
46.036,1155178
46.072,1155115
46.113,1155119
46.148,1155068
46.189,1155178
46.225,1154917
46.268,1155238
46.304,1154885
46.338,1154737
46.38,1154828
46.416,1154659
46.451,1154787
46.486,1154475
46.526,1154347
46.561,1154559
46.603,1154376
46.639,1154232
46.681,1154266
46.716,1154348
46.759,1154141
46.795,1154480
46.83,1154331
46.872,1154269
46.908,1154041
46.95,1154028
46.985,1154172
47.021,1153803
47.062,1153833
47.097,1154196
47.132,1153725
47.173,1153733
47.208,1153873
47.251,1153890
47.287,1153841
47.322,1153624
47.364,1153555
47.4,1153398
47.442,1153373
47.477,1153538
47.513,1153128
47.553,1153216
47.588,1153172
47.623,1153225
47.665,1153204
47.701,1152992
47.744,1153060
47.779,1153271
47.815,1152664
47.858,1152801
47.893,1152964
47.934,1152763
47.97,1152920
48.005,1152865
48.046,1152911
48.081,1152984
48.117,1152703
48.158,1152788
48.193,1152759
48.236,1152495
48.271,1152331
48.313,1152604
48.353,1152530
48.393,1152360
48.435,1152543
48.472,1152166
48.515,1152177
48.552,1152174
48.586,1152265
48.622,1152068
48.663,1152183
48.698,1152249
48.736,1152272
48.773,1152168
48.816,1151818
48.853,1151913
48.888,1151753
48.93,1151794
48.965,1151684
49,1151669
49.035,1151875
49.076,1152005
49.112,1151592
49.149,1151451
49.188,1151743
49.23,1151613
49.268,1151365
49.31,1151488
49.347,1151527
49.39,1151668
49.427,1151403
49.462,1151555
49.504,1151428
49.54,1151177
49.575,1151189
49.616,1151205
49.651,1151409
49.693,1151284
49.729,1151046
49.764,1150837
49.804,1151239
49.84,1151268
49.883,1150800
49.918,1150925
49.954,1157451
49.996,1148095
50.031,1157078
50.074,1166026
50.109,1166086
50.144,1164590
50.185,1164709
50.22,1165271
50.255,1165725
50.297,1166320
50.332,1167447
50.375,1167819
50.411,1169253
50.452,1170097
50.493,1170324
50.532,1171304
50.574,1172190
50.612,1173014
50.654,1172604
50.691,1173227
50.726,1173997
50.761,1174573
50.802,1174587
50.837,1175290
50.875,1176110
50.914,1176252
50.956,1176626
50.994,1176674
51.036,1177052
51.074,1177139
51.116,1177592
51.153,1177751
51.188,1178117
51.231,1178393
51.266,1178405
51.309,1178558
51.344,1178921
51.379,1179325
51.421,1179171
51.455,1179476
51.491,1179583
51.532,1179639
51.568,1180415
51.61,1180471
51.645,1180453
51.688,1180361
51.724,1180721
51.759,1181236
51.802,1180443
51.843,1180927
51.885,1181465
51.923,1181585
51.966,1181312
52.002,1181785
52.045,1181887
52.08,1182178
52.115,1182356
52.151,1182080
52.192,1182430
52.227,1182178
52.265,1182329
52.303,1182792
52.345,1182743
52.382,1182996
52.425,1182894
52.462,1182386
52.505,1183332
52.54,1183173
52.575,1183213
52.617,1183601
52.653,1183142
52.688,1183338
52.73,1183623
52.766,1183562
52.801,1183000
52.839,1183885
52.874,1183896
52.917,1183820
52.953,1183688
52.988,1183867
53.03,1184202
53.066,1184181
53.108,1183713
53.142,1184376
53.178,1184261
53.22,1184553
53.255,1184514
53.29,1184585
53.331,1184540
53.366,1184488
53.409,1184697
53.445,1184912
53.48,1184830
53.523,1184838
53.558,1184766
53.601,1184875
53.636,1184928
53.671,1184809
53.712,1185357
53.747,1185307
53.782,1185072
53.822,1185351
53.86,1185081
53.901,1185162
53.942,1185072
53.979,1185574
54.022,1185489
54.059,1185621
54.094,1185202
54.129,1185775
54.17,1185944
54.205,1185607
54.244,1185341
54.28,1185659
54.323,1185599
54.36,1186062
54.396,1185825
54.438,1186018
54.473,1185944
54.509,1185815
54.551,1185862
54.587,1186038
54.622,1185800
54.663,1186213
54.698,1186277
54.738,1186161
54.774,1185966
54.817,1185951
54.854,1186284
54.889,1186408
54.931,1186414
54.966,1186394
55.001,1186252
55.043,1186423
55.079,1186155
55.114,1186755
55.155,1186617
55.19,1186370
55.232,1186441
55.268,1186886
55.311,1186785
55.346,1186456
55.382,1186511
55.424,1186923
55.459,1186939
55.495,1186699
55.535,1187132
55.57,1187222
55.606,1187257
55.646,1187245
55.681,1187017
55.724,1187064
55.759,1186857
55.802,1187372
55.838,1187429
55.873,1186800
55.917,1187415
55.952,1187409
55.993,1187226
56.028,1187207
56.064,1187321
56.104,1187801
56.14,1187817
56.175,1186955
56.217,1187451
56.252,1187678
56.295,1187471
56.331,1187735
56.374,1187933
56.41,1187842
56.445,1188058
56.487,1187356
56.523,1187904
56.564,1188014
56.599,1188036
56.635,1187717
56.675,1188183
56.71,1188153
56.746,1188043
56.788,1187691
56.823,1188133
56.866,1187750
56.902,1187840
56.937,1187929
56.981,1188281
57.023,1188157
57.064,1188260
57.103,1187835
57.145,1188225
57.182,1187762
57.225,1187963
57.261,1188215
57.296,1188080
57.332,1187962
57.372,1188511
57.407,1188304
57.445,1187996
57.483,1187957
57.518,1188050
57.56,1188186
57.595,1188119
57.63,1187951
57.673,1188448
57.708,1188347
57.743,1187673
57.784,1188202
57.819,1188643
57.862,1188002
57.897,1188082
57.932,1188566
57.975,1188411
58.011,1188419
58.053,1187822
58.088,1188347
58.131,1188360
58.166,1188082
58.201,1188527
58.241,1187972
58.277,1187992
58.312,1188304
58.355,1188302
58.39,1188260
58.43,1188533
58.472,1188508
58.51,1188359
58.552,1188254
58.589,1188484
58.632,1188709
58.669,1188061
58.703,1188178
58.739,1188486
58.781,1188471
58.816,1188478
58.853,1188606
58.892,1188136
58.933,1188244
58.972,1188570
59.014,1188637
59.051,1188039
59.094,1188058
59.13,1188521
59.173,1188655
59.209,1188428
59.244,1188271
59.287,1188680
59.322,1188444
59.365,1187941
59.4,1188667
59.442,1188435
59.477,1188382
59.512,1188559
59.553,1188570
59.589,1188614
59.624,1188061
59.667,1187996
59.703,1188551
59.746,1188397
59.781,1188215
59.823,1188683
59.864,1188516
59.903,1188455
59.944,1188754
59.983,1188477
60.025,1188517
60.062,1188164
60.105,1189147
60.142,1190050
60.185,1190026
60.22,1187711
60.255,1185248
60.296,1182602
60.331,1180817
60.366,1178716
60.407,1177414
60.442,1175926
60.485,1175166
60.52,1174654
60.563,1173868
60.599,1173133
60.634,1172618
60.676,1172289
60.711,1171796
60.747,1171378
60.789,1170887
60.824,1170688
60.859,1170370
60.899,1169831
60.934,1169761
60.977,1169450
61.012,1169152
61.055,1168571
61.091,1168638
61.126,1167937
61.168,1167744
61.204,1167630
61.239,1167523
61.279,1167105
61.314,1166703
61.35,1166549
61.39,1166657
61.425,1166106
61.468,1166094
61.503,1165718
61.546,1165376
61.586,1165291
61.625,1165288
61.666,1165033
61.703,1164750
61.746,1164566
61.782,1164625
61.817,1164414
61.86,1163866
61.894,1163797
61.93,1163811
61.97,1163658
62.006,1163461
62.046,1163288
62.082,1163033
62.125,1162797
62.161,1162853
62.195,1162678
62.237,1162483
62.273,1162274
62.308,1162003
62.343,1161816
62.382,1161852
62.417,1162072
62.458,1161758
62.494,1161759
62.536,1161558
62.574,1161286
62.609,1161408
62.651,1161001
62.686,1160922
62.721,1160734
62.763,1160522
62.798,1160570
62.834,1160550
62.873,1160516
62.909,1160382
62.952,1160307
62.987,1160133
63.03,1160226
63.066,1159787
63.101,1159894
63.144,1159830
63.179,1159455
63.221,1159879
63.256,1159815
63.292,1159449
63.332,1159308
63.368,1159377
63.403,1159252
63.444,1158811
63.48,1158678
63.523,1158867
63.558,1158909
63.599,1158556
63.641,1158865
63.678,1158675
63.721,1158413
63.757,1158494
63.8,1158159
63.835,1158128
63.87,1158149
63.906,1158338
63.946,1158092
63.981,1157817
64.02,1157773
64.058,1157910
64.1,1157758
64.136,1157526
64.179,1157719
64.214,1157329
64.249,1157363
64.293,1157261
64.328,1157311
64.363,1156972
64.402,1156956
64.438,1156959
64.48,1156907
64.515,1156997
64.551,1156948
64.594,1156539
64.629,1156736
64.671,1156453
64.712,1156434
64.751,1156513
64.792,1156379
64.829,1156279
64.871,1156094
64.908,1156182
64.951,1156071
64.987,1156016
65.023,1156163
65.058,1156034
65.098,1156042
65.133,1156286
65.173,1155737
65.21,1155882
65.253,1155707
65.289,1155801
65.332,1155805
65.367,1155398
65.403,1155449
65.445,1155777
65.481,1155244
65.522,1155400
65.558,1155588
65.593,1155098
65.633,1155074
65.668,1155147
65.704,1154987
65.746,1154874
65.782,1154914
65.825,1154889
65.86,1154788
65.901,1154545
65.942,1154544
65.981,1154441
66.022,1154273
66.061,1154640
66.103,1154137
66.139,1154342
66.174,1154140
66.21,1153995
66.251,1154247
66.286,1154172
66.324,1154206
66.363,1154007
66.406,1154093
66.441,1154160
66.484,1153863
66.52,1153966
66.555,1153739
66.598,1153513
66.634,1153752
66.669,1153527
66.71,1153694
66.745,1153561
66.78,1153678
66.82,1153313
66.855,1153354
66.898,1153388
66.934,1153266
66.969,1152967
67.013,1153007
67.048,1153398
67.083,1153247
67.124,1153077
67.159,1153047
67.194,1153159
67.234,1152718
67.269,1152979
67.313,1152693
67.348,1152677
67.384,1152716
67.426,1152584
67.461,1152506
67.497,1152554
67.536,1152631
67.571,1152720
67.607,1152253
67.647,1152583
67.683,1152519
67.726,1152304
67.761,1152287
67.797,1152382
67.839,1152250
67.875,1152054
67.916,1151995
67.952,1152282
67.987,1152193
68.028,1152076
68.063,1152013
68.105,1152185
68.141,1151724
68.176,1151863
68.219,1151648
68.255,1151814
68.296,1151778
68.337,1151588
68.376,1151857
68.417,1151782
68.455,1151381
68.497,1151429
68.535,1151486
68.577,1151673
68.614,1151596
68.657,1151272
68.693,1151227
68.728,1151434
68.764,1151272
68.803,1151249
68.838,1151409
68.878,1151506
68.914,1150975
68.957,1150947
68.993,1151025
69.028,1151040
69.071,1150807
69.106,1150643
69.141,1150919
69.182,1151019
69.217,1150807
69.252,1150832
69.291,1150401
69.326,1150451
69.369,1150467
69.404,1150352
69.44,1150329
69.483,1150621
69.518,1150636
69.56,1150423
69.595,1150174
69.631,1150253
69.67,1150368
69.706,1149838
69.741,1149995
69.783,1150268
69.818,1150199
69.861,1161301
69.896,1149192
69.932,1164490
69.974,1165094
70.009,1165674
70.051,1165193
70.086,1165426
70.122,1165856
70.163,1166389
70.199,1166977
70.234,1167681
70.274,1167984
70.309,1169666
70.352,1169566
70.388,1170568
70.423,1171452
70.466,1171675
70.501,1172330
70.542,1172820
70.577,1173094
70.618,1173645
70.653,1174505
70.689,1174337
70.728,1174845
70.766,1175394
70.806,1175601
70.846,1175545
70.885,1176103
70.927,1176291
70.964,1176416
71.006,1177131
71.042,1176539
71.077,1176955
71.119,1177475
71.154,1177499
71.19,1177460
71.232,1177731
71.267,1178251
71.302,1178664
71.343,1178010
71.378,1178635
71.42,1178977
71.455,1178657
71.498,1178903
71.534,1179312
71.569,1179425
71.612,1179654
71.647,1180182
71.689,1179996
71.725,1179980
71.76,1179838
71.8,1180147
71.835,1180357
71.871,1180318
71.912,1180411
71.947,1181043
71.99,1180862
72.025,1180767
72.061,1181093
72.104,1180646
72.14,1180985
72.182,1181144
72.217,1181482
72.253,1181688
72.293,1180755
72.328,1181790
72.37,1181975
72.405,1181516
72.44,1181602
72.483,1181744
72.519,1181899
72.561,1181974
72.601,1182497
72.64,1182143
72.682,1182166
72.719,1182162
72.762,1182306
72.798,1182578
72.833,1182699
72.868,1182746
72.91,1182462
72.945,1182852
72.983,1182685
73.022,1183245
73.063,1183062
73.101,1183000
73.144,1182981
73.18,1183166
73.223,1183245
73.259,1182565
73.294,1183472
73.337,1183503
73.372,1183383
73.407,1183645
73.45,1183680
73.485,1183386
73.521,1183830
73.56,1184091
73.595,1183626
73.638,1183839
73.673,1183721
73.716,1183759
73.752,1184044
73.787,1183913
73.831,1183978
73.866,1183953
73.909,1184290
73.944,1184273
73.979,1184075
74.02,1184068
74.055,1184150
74.09,1183756
74.132,1184020
74.167,1184525
74.21,1184516
74.246,1184374
74.281,1184607
74.324,1184875
74.36,1184673
74.401,1184145
74.436,1184624
74.471,1184886
74.511,1184881
74.546,1184799
74.581,1185037
74.624,1185143
74.66,1185157
74.703,1185514
74.739,1184929
74.779,1185150
74.821,1185520
74.856,1185467
74.891,1185441
74.934,1185077
74.969,1185234
75.005,1185693
75.043,1185378
75.079,1185353
75.122,1185747
75.157,1185181
75.2,1185448
75.236,1185498
75.278,1185548
75.318,1185689
75.357,1185150
75.398,1185822
75.435,1185968
75.478,1185607
75.514,1185680
75.557,1185876
75.593,1185718
75.628,1186161
75.664,1186041
75.704,1185777
75.739,1186123
75.778,1185825
75.815,1186492
75.857,1186345
75.895,1186188
75.93,1186412
75.972,1186477
76.008,1186521
76.051,1186056
76.086,1186372
76.128,1186155
76.164,1186043
76.2,1186440
76.239,1186284
76.275,1186105
76.31,1186297
76.352,1186286
76.388,1185980
76.431,1186607
76.467,1186164
76.505,1186266
76.547,1186288
76.585,1185702
76.627,1186176
76.664,1186566
76.699,1186277
76.735,1186119
76.775,1186000
76.81,1186387
76.849,1186841
76.885,1185905
76.928,1186231
76.965,1186362
77,1186133
77.042,1186555
77.077,1186551
77.113,1186488
77.155,1186339
77.19,1186528
77.233,1186500
77.269,1186265
77.312,1186444
77.35,1186282
77.392,1186540
77.43,1186398
77.471,1186708
77.511,1186714
77.551,1186769
77.592,1186497
77.631,1186444
77.673,1186661
77.71,1186672
77.753,1186678
77.79,1186597
77.833,1186862
77.87,1186668
77.905,1186489
77.947,1186505
77.983,1186920
78.018,1186863
78.06,1186637
78.095,1186895
78.131,1187067
78.171,1187234
78.207,1186452
78.249,1186734
78.284,1187029
78.328,1186809
78.363,1186656
78.399,1187037
78.442,1186920
78.478,1187038
78.519,1186555
78.554,1186357
78.589,1186645
78.629,1186668
78.664,1186856
78.707,1186714
78.743,1186609
78.785,1187039
78.824,1186897
78.864,1186662
78.904,1186572
78.943,1186615
78.986,1186597
79.022,1186465
79.065,1186823
79.101,1186826
79.136,1186948
79.179,1186329
79.214,1186752
79.25,1186881
79.292,1186402
79.327,1186482
79.369,1186570
79.404,1186737
79.44,1186805
79.481,1186704
79.516,1186761
79.559,1186297
79.595,1186559
79.63,1186809
79.674,1186725
79.709,1186804
79.752,1187157
79.787,1187186
79.823,1189043
79.863,1189092
79.898,1187159
79.934,1184717
79.975,1182910
80.011,1181124
80.054,1179632
80.089,1177857
80.125,1176677
80.168,1175944
80.211,1174780
80.252,1173724
80.289,1173255
80.325,1172582
80.36,1171916
80.399,1171097
80.434,1170990
80.477,1170561
80.513,1169794
80.548,1169502
80.591,1169274
80.627,1168982
80.667,1168705
80.702,1168090
80.737,1168164
80.778,1167434
80.813,1167194
80.849,1167050
80.892,1166753
80.927,1166335
80.967,1166376
81.008,1166166
81.047,1165946
81.088,1165679
81.126,1165293
81.168,1165200
81.204,1165000
81.247,1164683
81.283,1164748
81.318,1164692
81.354,1164139
81.394,1164063
81.429,1164079
81.468,1163869
81.504,1163484
81.547,1163328
81.583,1163391
81.619,1163206
81.661,1162643
81.696,1162756
81.731,1162584
81.767,1162291
81.806,1162156
81.841,1162167
81.884,1161880
81.919,1161706
81.962,1161434
81.998,1161745
82.041,1161552
82.077,1161443
82.112,1161182
82.154,1161213
82.19,1160863
82.232,1161031
82.267,1160564
82.31,1160321
82.345,1160484
82.38,1160235
82.421,1160264
82.456,1160187
82.491,1160012
82.534,1159955
82.57,1159840
82.613,1159774
82.648,1159456
82.69,1159538
82.73,1159460
82.77,1159206
82.812,1159090
82.849,1159167
82.892,1159086
82.928,1159202
82.963,1158977
82.998,1158912
83.04,1158773
83.075,1158625
83.113,1158579
83.151,1158633
83.193,1158478
83.231,1158487
83.274,1158252
83.31,1158250
83.353,1158096
83.389,1158066
83.424,1158042
83.468,1157733
83.503,1157741
83.545,1157798
83.58,1157647
83.623,1157507
83.658,1157419
83.694,1157430
83.734,1157392
83.774,1156979
83.814,1157119
83.855,1156958
83.891,1156998
83.934,1156823
83.97,1156639
84.005,1156734
84.048,1156597
84.084,1156650
84.119,1156352
84.161,1156393
84.196,1156475
84.232,1156312
84.272,1156165
84.308,1156107
84.35,1156111
84.385,1155883
84.428,1156042
84.464,1155915
84.499,1155889
84.542,1155767
84.577,1155803
84.613,1155763
84.653,1155656
84.688,1155357
84.723,1155316
84.764,1155457
84.799,1155274
84.843,1155512
84.878,1155226
84.921,1155058
84.957,1155054
84.992,1155060
85.035,1154964
85.071,1154685
85.113,1154795
85.148,1154823
85.183,1154772
85.223,1154641
85.259,1154715
85.301,1154710
85.336,1154504
85.371,1154379
85.414,1154469
85.45,1154288
85.488,1154133
85.53,1154380
85.566,1154373
85.601,1154243
85.636,1154042
85.676,1153846
85.711,1154092
85.751,1153861
85.786,1153965
85.829,1153870
85.865,1153794
85.9,1153841
85.943,1153728
85.979,1153938
86.02,1153561
86.056,1153312
86.098,1153550
86.133,1153646
86.175,1153499
86.211,1153306
86.254,1153259
86.289,1153513
86.324,1153262
86.364,1152969
86.405,1153286
86.443,1153232
86.486,1153043
86.521,1153109
86.564,1152921
86.601,1152904
86.636,1152921
86.678,1152901
86.713,1152892
86.749,1152762
86.792,1152799
86.827,1152858
86.862,1152762
86.902,1152540
86.937,1152588
86.979,1152615
87.015,1152238
87.058,1152633
87.093,1152419
87.129,1152307
87.171,1152222
87.207,1152235
87.248,1152184
87.283,1152068
87.318,1151884
87.358,1152133
87.393,1152010
87.428,1151934
87.471,1151958
87.507,1151535
87.548,1151824
87.59,1151751
87.627,1151815
87.67,1151678
87.706,1151454
87.741,1151657
87.776,1151426
87.816,1151355
87.851,1151331
87.891,1151417
87.926,1151303
87.969,1151348
88.005,1151269
88.041,1151258
88.084,1151015
88.119,1150937
88.162,1151028
88.197,1150956
88.232,1150782
88.272,1151241
88.307,1150951
88.349,1150796
88.385,1150860
88.427,1150831
88.465,1150680
88.505,1150582
88.546,1150651
88.584,1150627
88.626,1150424
88.663,1150585
88.706,1150631
88.742,1150344
88.777,1150594
88.82,1150277
88.856,1150258
88.899,1150371
88.934,1150157
88.976,1150287
89.011,1150040
89.047,1150011
89.087,1150173
89.122,1150073
89.165,1149894
89.201,1149765
89.237,1150064
89.28,1150008
89.323,1149958
89.366,1149743
89.402,1149788
89.437,1149809
89.479,1149693
89.514,1149685
89.55,1149749
89.593,1149589
89.628,1149759
89.663,1149665
89.703,1149343
89.739,1149569
89.781,1155490
89.816,1148007
89.86,1160947
89.895,1163263
89.931,1164385
89.973,1162711
90.009,1162640
90.051,1162584
90.087,1162786
90.122,1163201
90.162,1163587
90.197,1164138
90.232,1165225
90.275,1165599
90.31,1166075
90.353,1167027
90.389,1168147
90.431,1168728
90.472,1169159
90.511,1169852
90.552,1170474
90.589,1170792
90.624,1171202
90.66,1171932
90.7,1172950
90.735,1172679
90.774,1172855
90.811,1173693
90.854,1174236
90.891,1173878
90.926,1174098
90.968,1174951
91.004,1174980
91.039,1175885
91.081,1175686
91.116,1175904
91.152,1175984
91.192,1176061
91.227,1176397
91.27,1176857
91.306,1176617
91.349,1176622
91.384,1177361
91.42,1177412
91.463,1177469
91.499,1177932
91.541,1177601
91.576,1177683
91.612,1178104
91.65,1178380
91.686,1178190
91.722,1178425
91.764,1179000
91.799,1179006
91.842,1178861
91.878,1178995
91.913,1179377
91.956,1179015
91.992,1179407
92.032,1179289
92.067,1179561
92.102,1179800
92.144,1179820
92.179,1180350
92.215,1179879
92.257,1180149
92.292,1180065
92.335,1180149
92.371,1180518
92.406,1180568
92.449,1180332
92.485,1180490
92.525,1180660
92.56,1180568
92.602,1180924
92.637,1181181
92.672,1181087
92.712,1180867
92.755,1181040
92.792,1181218
92.827,1180954
92.869,1181028
92.905,1181281
92.94,1181640
92.975,1181645
93.015,1181524
93.051,1181746
93.09,1181571
93.127,1181919
93.17,1181702
93.206,1181506
93.241,1181681
93.283,1181789
93.318,1181890
93.354,1182087
93.395,1182365
93.43,1181805
93.465,1181874
93.505,1181969
93.54,1182301
93.583,1182103
93.619,1182393
93.662,1182129
93.698,1182066
93.733,1182534
93.776,1182791
93.811,1182162
93.846,1182262
93.885,1182722
93.921,1182732
93.956,1182596
93.996,1182629
94.031,1182818
94.074,1183063
94.11,1182468
94.145,1182900
94.189,1182864
94.224,1182924
94.266,1183148
94.301,1182780
94.336,1182934
94.378,1183061
94.413,1183372
94.448,1182977
94.489,1182940
94.524,1182866
94.567,1183372
94.603,1183466
94.639,1183177
94.681,1183331
94.716,1183670
94.758,1182999
94.793,1183174
94.829,1183307
94.869,1183702
94.904,1183502
94.94,1183559
94.982,1183446
95.017,1183975
95.06,1183252
95.096,1183513
95.138,1183815
95.179,1183685
95.217,1183949
95.259,1184093
95.297,1183991
95.339,1183728
95.376,1184035
95.419,1183954
95.456,1183846
95.491,1183701
95.526,1183642
95.566,1184130
95.601,1184043
95.641,1183935
95.676,1184494
95.719,1183846
95.756,1183919
95.791,1184029
95.833,1184284
95.868,1184297
95.904,1184053
95.945,1184343
95.98,1184642
96.016,1184457
96.055,1184166
96.09,1184314
96.133,1184259
96.168,1184012
96.204,1183949
96.247,1184213
96.283,1184536
96.325,1184509
96.36,1184709
96.403,1184586
96.437,1184563
96.473,1184305
96.513,1184361
96.549,1184542
96.585,1184677
96.628,1184521
96.663,1184293
96.704,1184693
96.745,1184498
96.783,1184605
96.825,1184730
96.863,1184768
96.906,1184629
96.941,1184521
96.976,1185068
97.012,1184959
97.052,1184350
97.087,1184177
97.126,1184804
97.163,1184443
97.205,1184370
97.242,1184821
97.277,1184926
97.32,1184414
97.355,1184546
97.39,1184768
97.431,1184548
97.467,1184006
97.502,1184577
97.543,1184900
97.578,1185121
97.621,1184513
97.657,1184666
97.7,1184517
97.735,1184320
97.771,1184610
97.813,1184223
97.849,1184567
97.89,1184533
97.926,1184786
97.961,1184614
98.002,1184745
98.037,1184765
98.073,1184623
98.114,1184709
98.149,1184860
98.192,1184567
98.228,1184806
98.263,1185030
98.306,1184777
98.341,1185005
98.384,1185030
98.419,1185005
98.455,1184563
98.493,1184687
98.528,1185140
98.564,1185009
98.607,1184517
98.642,1184653
98.685,1185130
98.721,1185209
98.763,1185213
98.803,1184916
98.842,1184969
98.884,1185017
98.921,1184765
98.964,1184938
98.999,1184632
99.035,1184707
99.077,1185062
99.112,1185421
99.147,1184912
99.188,1184634
99.223,1184661
99.265,1184860
99.301,1184691
99.344,1184777
99.379,1185171
99.415,1184972
99.457,1184709
99.493,1184810
99.536,1184488
99.571,1184685
99.607,1184721
99.647,1184783
99.682,1184852
99.718,1184607
99.759,1184671
99.794,1185023
99.838,1184523
99.873,1184884
99.909,1186961
99.951,1186326
99.987,1186343
100.027,1183955
100.062,1181719
100.104,1179871
100.14,1178123
100.175,1176334
100.216,1175237
100.253,1174173
100.295,1173463
100.333,1172699
100.375,1171935
100.414,1170971
100.453,1170537
100.495,1170213
100.533,1169692
100.576,1168977
100.613,1168867
100.655,1168365
100.692,1168110
100.727,1167687
100.77,1167176
100.805,1167090
100.84,1166181
100.883,1166130
100.918,1165926
100.954,1165718
100.992,1165226
101.028,1164968
101.071,1165035
101.106,1164540
101.15,1164215
101.185,1163911
101.221,1163641
101.264,1163767
101.3,1163320
101.34,1163055
101.376,1162862
101.418,1162514
101.453,1162409
101.488,1162139
101.529,1161569
101.565,1161746
101.607,1161621
101.646,1161432
101.687,1161136
101.726,1160913
101.766,1161104
101.808,1161081
101.845,1160464
101.881,1160526
101.924,1160336
101.959,1160080
102.002,1159909
102.038,1159906
102.073,1160026
102.113,1159896
102.149,1159502
102.184,1159455
102.224,1159449
102.259,1159150
102.303,1159028
102.338,1159168
102.381,1158993
102.417,1158742
102.452,1158774
102.496,1158741
102.531,1158588
102.573,1158390
102.608,1158235
102.644,1158186
102.684,1158192
102.719,1158028
102.755,1158101
102.796,1158049
102.832,1157623
102.875,1157847
102.911,1157642
102.951,1157424
102.993,1157236
103.031,1157581
103.073,1157493
103.109,1157065
103.144,1157050
103.179,1157149
103.22,1157199
103.255,1156713
103.294,1156675
103.331,1156767
103.374,1156706
103.41,1156264
103.446,1156430
103.487,1156509
103.523,1156318
103.558,1155976
103.6,1155954
103.635,1156034
103.67,1156018
103.711,1155652
103.746,1155779
103.788,1155876
103.824,1155351
103.867,1155306
103.902,1155332
103.937,1155159
103.98,1154952
104.016,1154743
104.051,1155310
104.092,1155127
104.126,1155119
104.162,1154820
104.203,1154889
104.238,1154675
104.281,1154539
104.316,1154819
104.359,1154622
104.395,1154501
104.43,1154558
104.474,1154620
104.509,1154534
104.552,1154230
104.587,1154226
104.622,1154381
104.662,1154039
104.698,1153916
104.741,1154282
104.776,1154129
104.811,1153835
104.854,1153756
104.89,1153806
104.931,1153577
104.972,1153764
105.011,1153614
105.052,1153546
105.089,1153329
105.132,1153450
105.168,1153448
105.203,1153414
105.238,1153116
105.277,1152947
105.313,1153060
105.353,1152991
105.389,1153326
105.431,1153027
105.468,1152908
105.503,1152834
105.546,1152634
105.581,1152488
105.623,1152790
105.658,1152518
105.693,1152299
105.734,1152750
105.77,1152576
105.805,1152356
105.846,1152425
105.881,1152203
105.924,1152051
105.96,1152036
106.002,1152173
106.042,1152109
106.082,1152003
106.124,1151826
106.162,1152030
106.204,1152059
106.24,1151619
106.276,1151670
106.311,1151793
106.352,1151681
106.387,1151613
106.425,1151725
106.463,1151695
106.506,1151588
106.543,1151198
106.585,1151343
106.621,1151506
106.657,1151284
106.699,1151045
106.734,1151229
106.77,1151256
106.812,1150966
106.847,1150849
106.883,1150790
106.924,1150795
106.959,1150944
106.999,1150812
107.035,1150890
107.078,1150822
107.115,1150630
107.158,1150658
107.194,1150843
107.229,1150391
107.271,1150651
107.307,1150600
107.342,1150487
107.382,1150593
107.417,1150586
107.453,1150453
107.493,1150340
107.528,1150212
107.571,1150331
107.606,1150228
107.642,1150077
107.684,1149888
107.72,1150114
107.755,1149994
107.794,1149660
107.83,1149795
107.865,1149599
107.906,1149597
107.941,1149536
107.984,1149518
108.019,1149593
108.063,1149366
108.098,1149303
108.133,1149436
108.177,1149652
108.212,1149151
108.255,1149191
108.29,1149271
108.325,1149145
108.365,1149133
108.4,1149029
108.435,1149081
108.478,1149016
108.513,1149045
108.556,1148871
108.592,1148962
108.627,1148708
108.67,1148537
108.705,1148592
108.746,1148767
108.781,1148566
108.816,1148781
108.857,1148542
108.893,1148379
108.928,1148412
108.97,1148457
109.006,1148512
109.049,1148224
109.084,1148247
109.127,1148754
109.167,1148425
109.207,1148159
109.248,1148232
109.285,1148084
109.328,1147915
109.364,1148152
109.4,1147911
109.435,1148070
109.475,1147886
109.51,1148065
109.549,1148008
109.586,1148039
109.629,1148172
109.665,1147888
109.7,1147943
109.742,1150926
109.777,1145430
109.812,1158506
109.855,1159920
109.89,1160803
109.926,1160368
109.965,1160651
110,1159508
110.043,1159666
110.079,1160155
110.122,1160475
110.157,1160999
110.193,1161332
110.235,1162272
110.271,1163516
110.313,1164021
110.348,1164741
110.383,1165711
110.424,1166443
110.459,1166949
110.495,1167527
110.536,1168593
110.572,1169027
110.615,1170160
110.65,1170037
110.693,1170762
110.732,1170890
110.772,1171463
110.814,1171998
110.851,1172239
110.886,1172101
110.921,1173463
110.963,1173066
110.998,1173312
111.036,1173881
111.074,1173933
111.117,1174195
111.152,1174689
111.195,1174474
111.231,1175208
111.266,1175077
111.308,1175214
111.344,1175771
111.379,1175850
111.421,1175818
111.457,1175804
111.492,1176150
111.533,1176544
111.568,1176671
111.61,1177089
111.646,1177203
111.689,1176598
111.724,1176920
111.767,1177368
111.807,1177282
111.846,1176875
111.888,1177733
111.926,1178284
111.968,1177971
112.005,1177675
112.04,1177834
112.076,1178160
112.117,1178029
112.152,1177613
112.194,1178684
112.229,1178916
112.272,1179050
112.307,1178915
112.35,1179160
112.386,1179350
112.421,1179014
112.464,1179173
112.499,1179268
112.535,1179677
112.577,1179528
112.612,1179173
112.647,1179366
112.688,1179983
112.723,1179908
112.766,1179949
112.801,1179947
112.844,1179681
112.88,1179901
112.916,1180087
112.959,1180373
112.994,1180129
113.029,1179999
113.071,1180518
113.107,1180467
113.142,1180641
113.183,1180426
113.218,1180660
113.26,1180488
113.296,1180345
113.339,1180909
113.375,1181182
113.41,1180828
113.452,1180877
113.488,1181100
113.523,1180740
113.565,1180897
113.6,1181179
113.636,1181223
113.675,1181120
113.709,1180864
113.753,1181180
113.788,1181534
113.824,1181223
113.867,1181401
113.903,1181496
113.944,1181225
113.98,1181392
114.015,1181719
114.056,1181728
114.094,1181921
114.135,1182356
114.175,1181682
114.215,1181855
114.256,1181802
114.294,1181676
114.337,1182525
114.374,1181650
114.417,1181949
114.452,1182352
114.488,1182334
114.531,1181949
114.566,1182160
114.602,1182364
114.643,1182546
114.678,1182016
114.714,1181898
114.754,1182581
114.789,1182520
114.832,1182257
114.868,1182633
114.903,1182144
114.946,1182321
114.981,1182690
115.016,1182582
115.055,1182708
115.09,1182350
115.126,1182924
115.167,1183255
115.201,1182829
115.244,1182713
115.28,1183100
115.322,1182515
115.358,1182764
115.393,1182984
115.435,1182867
115.471,1183183
115.506,1183151
115.547,1183434
115.581,1183339
115.617,1183051
115.659,1183588
115.693,1183609
115.735,1183351
115.771,1183315
115.813,1183229
115.849,1183224
115.884,1183515
115.927,1183531
115.962,1183936
116.005,1183537
116.04,1183150
116.075,1183300
116.117,1183688
116.152,1182941
116.187,1183087
116.228,1183198
116.263,1183818
116.306,1183483
116.341,1183401
116.377,1183368
116.419,1183510
116.454,1183078
116.489,1183224
116.531,1183176
116.566,1183279
116.601,1183730
116.643,1183678
116.678,1184067
116.718,1183380
116.754,1183087
116.796,1183677
116.833,1183890
116.868,1183503
116.91,1184155
116.945,1183463
116.981,1183633
117.021,1184025
117.056,1183893
117.091,1183483
117.132,1183255
117.167,1184038
117.21,1184258
117.245,1183987
117.288,1183639
117.323,1183614
117.358,1183887
117.4,1183201
117.436,1184239
117.471,1183998
117.513,1184210
117.548,1183886
117.591,1184114
117.626,1184112
117.661,1183868
117.703,1183698
117.738,1183753
117.78,1183959
117.815,1183767
117.858,1184385
117.894,1183575
117.929,1183959
117.971,1184024
118.007,1183736
118.042,1184269
118.084,1183293
118.119,1183592
118.154,1183767
118.196,1183535
118.23,1184284
118.273,1184067
118.309,1183924
118.344,1183942
118.387,1183198
118.422,1183692
118.457,1184180
118.498,1183734
118.533,1183796
118.568,1184190
118.608,1183990
118.644,1183930
118.686,1184439
118.721,1184157
118.764,1184193
118.8,1183835
118.835,1184030
118.876,1184357
118.912,1183798
118.947,1183827
118.989,1184445
119.024,1183660
119.059,1184082
119.1,1183997
119.135,1184265
119.176,1184045
119.211,1183949
119.254,1183764
119.29,1183633
119.325,1183575
119.367,1184019
119.402,1184076
119.437,1183861
119.48,1183151
119.515,1183255
119.55,1183528
119.592,1183711
119.627,1183542
119.666,1183739
119.703,1183335
119.746,1184322
119.781,1185799
119.816,1185987
119.859,1183634
119.894,1181792
119.93,1179580
119.971,1177858
120.006,1176111
120.042,1174849
120.082,1174152
120.117,1172774
120.159,1172026
120.195,1171462
120.238,1170975
120.273,1170324
120.308,1170083
120.35,1169529
120.386,1168703
120.421,1168371
120.462,1168153
120.497,1167596
120.532,1167120
120.573,1166837
120.608,1166768
120.65,1166339
120.685,1165757
120.728,1165646
120.764,1165083
120.8,1164711
120.841,1164687
120.877,1164488
120.912,1164329
120.955,1163860
120.99,1163643
121.025,1163626
121.064,1163478
121.1,1162822
121.142,1162810
121.177,1162615
121.22,1162447
121.256,1162239
121.29,1161873
121.332,1162107
121.368,1161849
121.403,1161576
121.446,1161067
121.48,1161176
121.516,1161174
121.557,1160925
121.592,1160408
121.631,1160277
121.668,1160336
121.71,1160125
121.746,1159985
121.781,1159956
121.824,1159519
121.859,1159469
121.894,1159337
121.937,1159376
121.972,1159249
122.007,1158988
122.049,1158588
122.085,1158897
122.128,1158878
122.163,1158585
122.205,1158405
122.241,1158142
122.284,1158128
122.326,1158124
122.364,1157993
122.406,1157720
122.444,1157790
122.486,1157778
122.524,1157584
122.566,1157337
122.603,1157540
122.646,1157434
122.682,1157088
122.717,1156786
122.753,1156936
122.793,1156980
122.828,1156917
122.871,1156931
122.906,1156731
122.948,1156493
122.983,1156521
123.026,1156462
123.062,1156327
123.097,1156190
123.14,1156350
123.175,1156195
123.211,1156093
123.252,1155945
123.287,1155932
123.322,1155833
123.362,1155671
123.397,1155293
123.44,1155457
123.475,1155452
123.518,1155288
123.554,1155402
123.589,1155295
123.632,1155021
123.668,1155119
123.709,1154752
123.744,1154999
123.78,1155127
123.82,1154691
123.855,1154620
123.897,1154684
123.932,1154555
123.975,1154595
124.013,1154486
124.054,1154267
124.093,1154254
124.133,1154033
124.174,1154012
124.212,1154105
124.254,1153993
124.292,1153838
124.327,1153989
124.369,1153713
124.404,1153682
124.439,1153712
124.482,1153494
124.517,1153279
124.553,1153422
124.595,1153586
124.63,1153559
124.673,1153237
124.709,1153278
124.744,1153194
124.787,1153265
124.823,1152936
124.863,1153005
124.899,1153105
124.934,1153047
124.974,1153062
125.009,1152878
125.045,1152902
125.087,1152737
125.122,1152586
125.165,1152617
125.201,1152724
125.243,1152670
125.282,1152416
125.321,1152582
125.363,1152476
125.401,1152345
125.443,1152419
125.479,1152126
125.514,1152141
125.549,1152406
125.589,1152345
125.624,1151967
125.664,1151994
125.7,1152129
125.743,1152154
125.779,1151958
125.814,1151703
125.857,1151948
125.892,1151859
125.927,1151536
125.969,1151673
126.004,1151501
126.04,1151607
126.081,1151652
126.116,1151491
126.157,1151522
126.192,1151292
126.235,1151350
126.272,1151359
126.307,1151442
126.35,1151260
126.385,1151104
126.428,1151077
126.463,1151231
126.506,1151045
126.541,1151267
126.577,1151220
126.617,1150853
126.652,1150929
126.687,1151046
126.728,1150663
126.763,1150537
126.806,1150815
126.842,1150874
126.877,1150935
126.92,1150558
126.955,1150839
126.99,1150746
127.029,1150482
127.065,1150371
127.1,1150198
127.141,1150412
127.176,1150241
127.219,1150172
127.254,1150279
127.297,1150098
127.333,1150035
127.368,1149991
127.411,1150001
127.447,1149962
127.489,1149938
127.524,1150059
127.56,1150222
127.6,1149731
127.635,1149850
127.67,1149857
127.712,1149623
127.748,1149859
127.791,1149750
127.826,1149690
127.862,1149501
127.905,1149360
127.94,1149482
127.981,1149539
128.015,1149410
128.051,1149170
128.092,1149361
128.128,1149283
128.163,1149102
128.206,1149178
128.241,1149235
128.284,1149070
128.319,1148800
128.361,1148611
128.401,1148857
128.441,1148852
128.483,1148707
128.52,1148858
128.563,1148862
128.6,1148541
128.643,1148607
128.678,1148748
128.713,1148297
128.749,1148361
128.789,1148598
128.824,1148591
128.863,1148497
128.9,1148361
128.942,1148301
128.978,1148255
129.014,1148073
129.056,1148121
129.092,1148324
129.134,1148223
129.168,1148204
129.204,1148126
129.244,1148210
129.279,1148192
129.314,1148169
129.356,1147907
129.392,1147946
129.435,1147958
129.47,1147680
129.512,1148574
129.553,1148322
129.59,1145569
129.625,1160195
129.66,1162335
129.7,1162769
129.735,1161575
129.774,1161809
129.812,1162203
129.855,1162309
129.891,1162788
129.934,1164370
129.969,1164867
130.005,1165361
130.048,1166430
130.083,1167164
130.118,1167357
130.159,1167426
130.194,1168527
130.23,1169352
130.269,1169399
130.305,1169830
130.348,1170449
130.383,1170802
130.419,1170626
130.462,1170634
130.497,1171512
130.54,1171540
130.575,1171857
130.61,1172053
130.647,1172614
130.683,1172727
130.725,1172861
130.762,1172632
130.804,1173532
130.843,1173267
130.883,1173478
130.923,1174057
130.962,1174072
131.004,1174203
131.042,1174604
131.084,1174670
131.121,1174727
131.164,1174732
131.2,1175076
131.236,1174940
131.278,1175306
131.313,1175252
131.349,1175740
131.384,1175705
131.423,1175619
131.458,1176065
131.498,1175960
131.535,1176568
131.577,1176127
131.613,1176216
131.648,1176551
131.69,1176435
131.726,1176895
131.761,1176793
131.803,1176970
131.838,1177142
131.874,1176954
131.917,1177085
131.952,1177444
131.995,1177165
132.03,1177454
132.073,1177586
132.113,1177787
132.152,1177580
132.193,1177729
132.232,1178130
132.273,1178162
132.31,1178100
132.353,1178052
132.389,1178085
132.424,1178234
132.46,1178141
132.5,1178987
132.535,1178594
132.574,1178471
132.612,1178469
132.654,1178729
132.691,1178489
132.734,1178293
132.769,1178682
132.804,1179219
132.847,1178942
132.883,1178840
132.918,1179125
132.96,1179264
132.995,1179248
133.03,1179136
133.071,1179350
133.106,1179330
133.148,1179360
133.183,1179376
133.226,1179562
133.262,1179632
133.297,1179459
133.34,1179342
133.376,1179621
133.418,1179634
133.453,1179624
133.489,1179990
133.529,1179964
133.564,1179868
133.599,1180181
133.641,1180136
133.677,1180203
133.72,1179890
133.755,1180239
133.791,1180181
133.834,1180314
133.869,1180205
133.91,1180528
133.945,1180189
133.981,1180091
134.02,1180448
134.055,1180451
134.09,1180352
134.133,1180514
134.169,1180577
134.212,1180814
134.247,1180549
134.288,1180714
134.329,1180728
134.365,1181200
134.408,1180709
134.443,1180764
134.479,1180962
134.521,1181015
134.557,1180998
134.592,1181046
134.632,1181079
134.667,1181298
134.709,1180820
134.744,1180905
134.787,1180899
134.823,1181219
134.858,1181134
134.901,1181087
134.936,1181488
134.971,1181137
135.009,1181357
135.044,1181323
135.079,1181205
135.12,1181094
135.155,1181547
135.198,1181201
135.233,1181357
135.276,1181227
135.316,1181359
135.353,1181490
135.396,1181349
135.431,1181325
135.467,1181243
135.509,1181588
135.544,1181446
135.58,1181399
135.62,1181665
135.655,1181697
135.696,1181577
135.731,1181344
135.774,1181299
135.81,1182161
135.845,1181359
135.888,1181461
135.924,1181538
135.966,1181676
136.001,1181543
136.036,1181802
136.076,1181728
136.111,1181728
136.154,1181617
136.189,1181671
136.225,1181828
136.268,1182156
136.303,1181665
136.344,1181645
136.385,1181939
136.422,1181978
136.465,1181849
136.502,1181622
136.545,1181502
136.582,1181782
136.625,1181817
136.66,1181809
136.696,1181759
136.731,1181799
136.77,1182397
136.804,1181708
136.845,1181953
136.881,1181918
136.924,1182010
136.959,1181809
136.994,1181861
137.037,1182160
137.072,1182187
137.108,1181880
137.147,1181918
137.183,1182125
137.218,1182129
137.259,1181886
137.294,1181968
137.337,1182024
137.372,1182099
137.415,1181992
137.451,1182150
137.486,1182296
137.529,1182500
137.564,1182394
137.599,1182224
137.639,1182426
137.674,1181996
137.71,1182205
137.751,1182164
137.786,1182168
137.829,1182131
137.864,1182207
137.907,1182252
137.943,1182005
137.978,1182056
138.021,1182176
138.057,1182696
138.092,1182117
138.132,1182176
138.167,1182016
138.202,1182093
138.243,1182292
138.278,1182061
138.321,1182239
138.356,1182271
138.399,1182591
138.435,1182206
138.47,1182091
138.512,1182119
138.548,1182185
138.59,1181897
138.625,1181956
138.661,1182231
138.701,1182556
138.736,1182172
138.772,1182075
138.813,1182117
138.848,1182034
138.891,1181722
138.926,1182236
138.968,1181968
139.009,1181999
139.047,1182097
139.089,1182087
139.125,1182224
139.168,1182093
139.205,1182005
139.248,1182547
139.285,1182024
139.32,1181793
139.355,1181979
139.395,1182239
139.43,1181944
139.469,1182141
139.507,1182343
139.55,1182642
139.586,1181960
139.629,1182050
139.666,1183032
139.702,1184703
139.744,1183188
139.779,1181092
139.815,1179125
139.855,1177161
139.891,1175460
139.926,1173617
139.968,1172505
140.003,1171303
140.046,1170312
140.082,1169616
140.124,1169038
140.165,1168653
140.203,1167764
140.244,1167411
140.283,1166837
140.325,1166497
140.361,1165886
140.397,1165551
140.432,1165287
140.473,1165005
140.508,1164648
140.546,1164318
140.585,1163987
140.627,1163647
140.664,1163350
140.707,1163126
140.743,1162849
140.778,1162681
140.82,1162202
140.856,1162326
140.891,1162017
140.926,1161749
140.965,1161604
141,1161244
141.041,1161085
141.076,1160979
141.119,1160937
141.154,1160585
141.19,1160567
141.233,1160283
141.268,1160124
141.304,1160029
141.344,1159679
141.379,1159595
141.414,1159691
141.456,1159021
141.491,1159025
141.533,1159036
141.568,1158906
141.611,1158787
141.647,1158529
141.682,1158365
141.725,1158389
141.76,1158382
141.795,1157826
141.836,1157773
141.871,1157694
141.906,1157615
141.947,1157381
141.982,1157255
142.025,1157264
142.06,1157061
142.103,1157094
142.139,1156866
142.181,1156717
142.222,1156607
142.26,1156703
142.302,1156561
142.34,1156496
142.382,1156316
142.419,1156352
142.462,1156132
142.499,1156029
142.542,1155833
142.579,1155917
142.621,1155820
142.659,1155559
142.701,1155766
142.737,1155561
142.772,1155288
142.808,1155298
142.848,1155305
142.883,1155144
142.922,1155004
142.959,1154861
143.002,1154918
143.038,1154797
143.073,1154577
143.115,1154622
143.15,1154400
143.185,1154354
143.225,1154223
143.261,1154149
143.296,1153856
143.337,1153974
143.372,1154004
143.415,1154075
143.45,1153772
143.493,1153613
143.529,1153533
143.564,1153705
143.606,1153550
143.642,1153328
143.677,1153316
143.718,1153492
143.753,1153131
143.788,1153404
143.829,1153194
143.864,1153020
143.907,1153274
143.942,1153020
143.985,1153001
144.021,1152775
144.056,1152771
144.099,1152785
144.134,1152720
144.169,1152631
144.209,1152779
144.244,1152627
144.28,1152345
144.32,1152370
144.356,1152382
144.398,1152334
144.434,1152142
144.476,1152293
144.516,1152274
144.556,1152032
144.597,1151884
144.634,1151970
144.677,1152071
144.713,1151686
144.756,1151727
144.792,1151847
144.827,1151707
144.863,1151702
144.903,1151524
144.938,1151373
144.977,1151546
145.014,1151149
145.057,1151211
145.093,1151381
145.129,1151167
145.17,1151277
145.206,1150887
145.241,1150992
145.282,1151005
145.317,1150871
145.353,1150903
145.393,1151025
145.428,1150652
145.471,1150770
145.506,1150750
145.549,1150437
145.584,1150382
145.62,1150431
145.662,1150659
145.697,1150598
145.732,1150482
145.775,1150390
145.81,1150625
145.846,1150027
145.887,1150140
145.921,1150090
145.963,1149987
145.998,1150077
146.041,1150090
146.076,1150015
146.112,1150052
146.153,1150008
146.189,1149717
146.224,1149752
146.266,1149878
146.301,1149796
146.337,1149707
146.376,1149516
146.411,1149698
146.454,1149612
146.489,1149777
146.532,1149556
146.568,1149349
146.603,1149441
146.646,1149215
146.681,1149109
146.716,1149098
146.757,1149209
146.792,1149209
146.827,1148973
146.868,1148950
146.903,1149121
146.946,1149104
146.982,1148769
147.025,1148789
147.06,1148656
147.096,1148924
147.139,1148857
147.174,1148620
147.21,1148713
147.249,1148581
147.284,1148739
147.319,1148695
147.36,1148339
147.395,1148328
147.438,1148515
147.474,1148575
147.517,1148429
147.552,1148155
147.587,1148243
147.63,1148515
147.665,1148003
147.7,1148242
147.739,1148377
147.774,1148234
147.809,1148128
147.85,1147995
147.885,1148132
147.928,1148346
147.964,1147566
147.999,1147806
148.042,1147989
148.078,1147856
148.119,1147863
148.154,1147947
148.197,1147787
148.232,1147585
148.268,1147373
148.308,1147649
148.343,1147683
148.378,1147490
148.421,1147409
148.457,1147693
148.498,1147599
148.539,1147374
148.578,1147414
148.619,1147106
148.656,1147216
148.699,1147316
148.735,1147355
148.77,1147272
148.805,1147035
148.847,1147022
148.882,1147094
148.92,1147151
148.958,1146687
149,1147002
149.037,1146952
149.072,1146776
149.114,1146840
149.15,1146808
149.185,1146978
149.227,1146999
149.262,1146793
149.297,1150872
149.338,1146491
149.373,1144293
149.415,1161434
149.45,1163246
149.493,1162364
149.529,1160893
149.564,1161797
149.607,1162377
149.643,1162954
149.685,1163649
149.72,1164257
149.756,1164881
149.797,1165690
149.832,1166377
149.867,1167025
149.908,1167089
149.943,1167648
149.986,1168537
150.022,1168921
150.057,1169095
150.1,1169735
150.136,1169955
150.177,1169588
150.212,1170263
150.247,1170687
150.288,1171044
150.323,1171016
150.359,1171270
150.401,1171974
150.436,1172323
150.479,1171750
150.515,1172157
150.557,1172623
150.597,1172495
150.636,1173186
150.678,1173198
150.716,1173314
150.758,1173223
150.795,1173654
150.838,1173986
150.873,1174009
150.908,1173771
150.944,1173931
150.985,1174298
151.02,1174372
151.058,1174795
151.096,1174856
151.138,1174324
151.176,1174728
151.218,1174909
151.255,1175328
151.298,1175040
151.334,1174879
151.369,1175549
151.411,1175808
151.447,1175370
151.482,1175468
151.523,1175617
151.559,1175633
151.601,1175533
151.636,1176116
151.671,1176225
151.711,1176351
151.746,1175990
151.789,1176468
151.825,1176432
151.868,1176533
151.907,1176196
151.946,1176242
151.988,1176563
152.025,1176622
152.068,1176864
152.105,1176812
152.14,1176702
152.175,1176992
152.217,1177165
152.252,1176857
152.294,1177012
152.33,1177287
152.37,1177578
152.405,1177242
152.448,1177273
152.485,1177571
152.521,1177946
152.563,1177539
152.598,1177718
152.633,1177898
152.676,1177899
152.711,1177587
152.753,1178261
152.788,1178185
152.823,1178083
152.864,1178071
152.899,1178338
152.942,1178425
152.978,1178263
153.021,1177902
153.056,1178311
153.091,1178300
153.135,1178442
153.17,1178672
153.205,1178584
153.246,1178234
153.281,1178723
153.316,1178395
153.357,1178688
153.393,1178687
153.435,1178840
153.47,1179087
153.513,1178619
153.549,1178735
153.584,1178896
153.627,1178927
153.662,1179098
153.698,1178914
153.738,1179053
153.774,1179143
153.816,1178995
153.85,1179362
153.886,1178895
153.927,1179473
153.962,1179469
154.005,1179312
154.041,1179297
154.076,1179015
154.119,1179011
154.154,1179064
154.194,1178946
154.229,1179363
154.264,1179362
154.305,1179320
154.341,1179219
154.376,1179550
154.419,1179090
154.454,1179260
154.497,1179487
154.533,1179167
154.573,1179344
154.615,1179396
154.653,1179786
154.695,1179629
154.733,1179502
154.775,1179463
154.811,1179305
154.845,1179445
154.881,1179473
154.922,1180492
154.957,1179983
154.995,1179754
155.033,1180042
155.075,1180237
155.111,1179728
155.154,1179555
155.189,1180009
155.225,1179948
155.267,1179954
155.302,1179588
155.344,1180247
155.379,1179967
155.414,1180067
155.454,1179741
155.489,1179600
155.525,1180023
155.566,1180166
155.601,1180052
155.644,1179848
155.68,1179861
155.715,1180129
155.758,1180038
155.794,1179629
155.836,1180330
155.872,1180197
155.907,1180003
155.946,1180100
155.981,1180350
156.017,1180354
156.059,1180237
156.094,1179858
156.137,1180077
156.173,1180388
156.215,1180241
156.254,1180377
156.294,1180572
156.335,1180197
156.372,1180320
156.415,1179953
156.452,1180552
156.495,1180369
156.531,1180254
156.566,1180181
156.601,1180849
156.643,1180530
156.677,1180336
156.715,1180191
156.754,1180199
156.796,1180310
156.833,1180927
156.876,1180651
156.912,1180558
156.947,1180393
156.99,1180681
157.025,1180294
157.06,1180528
157.101,1180270
157.136,1180480
157.172,1180502
157.212,1180262
157.247,1180720
157.29,1180565
157.325,1180326
157.361,1180146
157.403,1180558
157.438,1180282
157.48,1180140
157.515,1180324
157.558,1180707
157.593,1180404
157.628,1180258
157.669,1180262
157.704,1180613
157.739,1180167
157.782,1180255
157.818,1180148
157.861,1180122
157.896,1180186
157.938,1180038
157.978,1180518
158.016,1180326
158.058,1179858
158.095,1180258
158.138,1180288
158.174,1180417
158.209,1180365
158.245,1180245
158.285,1180878
158.32,1180440
158.359,1180270
158.396,1180446
158.438,1180230
158.475,1180736
158.51,1180507
158.552,1180365
158.588,1180533
158.63,1181044
158.664,1180597
158.7,1180054
158.74,1180211
158.775,1180350
158.81,1180478
158.853,1180446
158.888,1180427
158.931,1180771
158.966,1180332
159.008,1180383
159.048,1180181
159.087,1180301
159.128,1179920
159.165,1180082
159.208,1180097
159.244,1179838
159.279,1180199
159.314,1180230
159.356,1179846
159.391,1179986
159.428,1179916
159.467,1179861
159.509,1180060
159.547,1179299
159.589,1180097
159.626,1180399
159.669,1182602
159.705,1181193
159.739,1179068
159.782,1176808
159.818,1175053
159.853,1173516
159.893,1172209
159.929,1171253
159.964,1170373
160.004,1169277
160.039,1168920
160.082,1167757
160.118,1167061
160.16,1166687
160.2,1166365
160.24,1165825
160.282,1165092
160.32,1164771
160.362,1164425
160.399,1163885
160.442,1163654
160.479,1163368
160.514,1163305
160.549,1162567
160.589,1162327
160.624,1162118
160.663,1161724
160.699,1161508
160.742,1161194
160.779,1161186
160.814,1161156
160.856,1160585
160.892,1160332
160.927,1160227
160.969,1159818
161.004,1159761
161.039,1159420
161.08,1159343
161.116,1159162
161.158,1159068
161.194,1158827
161.229,1158628
161.272,1158396
161.308,1158378
161.348,1157975
161.384,1157647
161.419,1157729
161.459,1157814
161.494,1157481
161.53,1157327
161.572,1157224
161.607,1156857
161.65,1156874
161.686,1156505
161.728,1156351
161.764,1156436
161.8,1156291
161.84,1156280
161.876,1156107
161.911,1155912
161.951,1155737
161.986,1155848
162.022,1155632
162.064,1155658
162.099,1155279
162.142,1155306
162.177,1155243
162.22,1154957
162.26,1155160
162.3,1155192
162.341,1154605
162.379,1154630
162.422,1154636
162.459,1154569
162.493,1154502
162.529,1154084
162.569,1154149
162.604,1154325
162.643,1153838
162.68,1154011
162.723,1154035
162.76,1153630
162.795,1153615
162.837,1153574
162.872,1153564
162.907,1153594
162.95,1153137
162.985,1153146
163.02,1153389
163.062,1153237
163.097,1152957
163.136,1153009
163.173,1152834
163.216,1152706
163.251,1152998
163.287,1152474
163.329,1152504
163.365,1152565
163.4,1152524
163.443,1152428
163.478,1152027
163.513,1152103
163.553,1152193
163.589,1151927
163.63,1151852
163.665,1152070
163.708,1151896
163.745,1151828
163.78,1151475
163.822,1151411
163.857,1151605
163.893,1151330
163.935,1151290
163.97,1151228
164.006,1151052
164.046,1151074
164.082,1151063
164.122,1150864
164.158,1150910
164.201,1150750
164.236,1150959
164.271,1150920
164.315,1150646
164.35,1150692
164.385,1150692
164.426,1150334
164.461,1150665
164.504,1150677
164.539,1150680
164.575,1150390
164.615,1150362
164.65,1150473
164.692,1150380
164.728,1149931
164.763,1150038
164.806,1150215
164.841,1150235
164.876,1150025
164.918,1150091
164.953,1149846
164.989,1149881
165.028,1149933
165.063,1149743
165.107,1149781
165.142,1149650
165.185,1149844
165.221,1149819
165.256,1149708
165.299,1149486
165.335,1149493
165.377,1149403
165.412,1149243
165.448,1149529
165.489,1149495
165.524,1149286
165.559,1149161
165.6,1149121
165.636,1149245
165.679,1148883
165.714,1148887
165.749,1148701
165.792,1148925
165.827,1148840
165.869,1148740
165.904,1148828
165.939,1148612
165.981,1148775
166.016,1148392
166.052,1148290
166.093,1148302
166.128,1148241
166.171,1148315
166.206,1148135
166.241,1148067
166.285,1148048
166.32,1148107
166.362,1147846
166.397,1147839
166.432,1147755
166.472,1147872
166.507,1147625
166.549,1147603
166.585,1147740
166.627,1147651
166.664,1147773
166.707,1147612
166.744,1147605
166.786,1147561
166.825,1147466
166.865,1147497
166.905,1147554
166.944,1147396
166.986,1147142
167.024,1147156
167.067,1147265
167.103,1147273
167.145,1147274
167.182,1146928
167.217,1147014
167.259,1146996
167.294,1147107
167.329,1146821
167.365,1146783
167.405,1146750
167.44,1146900
167.479,1146855
167.515,1146779
167.558,1146838
167.595,1146839
167.63,1146588
167.672,1146751
167.707,1146698
167.742,1146479
167.784,1146763
167.819,1146711
167.855,1146625
167.895,1146540
167.93,1146340
167.973,1146386
168.008,1146447
168.051,1146290
168.086,1146455
168.122,1146414
168.165,1146247
168.2,1146251
168.243,1146474
168.279,1145959
168.314,1146012
168.354,1146200
168.389,1146159
168.425,1146020
168.465,1145942
168.503,1145991
168.543,1146178
168.584,1145566
168.623,1145807
168.665,1145651
168.702,1145693
168.737,1145708
168.772,1145660
168.813,1145888
168.848,1145674
168.886,1145255
168.924,1145682
168.966,1145660
169.003,1145418
169.038,1145557
169.08,1145340
169.115,1145254
169.151,1145297
169.186,1145267
169.226,1145275
169.261,1145198
169.301,1144936
169.337,1145121
169.38,1145190
169.416,1144950
169.451,1144973
169.494,1147279
169.529,1155927
169.565,1158200
169.604,1157922
169.64,1156936
169.675,1157487
169.716,1157615
169.751,1158679
169.794,1158763
169.829,1159608
169.872,1161013
169.908,1161553
169.943,1162326
169.985,1162898
170.021,1163975
170.056,1164494
170.099,1164253
170.134,1165075
170.169,1165932
170.209,1166302
170.244,1166441
170.286,1167146
170.321,1167437
170.364,1167856
170.4,1167845
170.435,1167788
170.478,1168404
170.514,1168653
170.555,1168817
170.591,1169303
170.626,1169074
170.666,1169720
170.701,1170010
170.744,1170340
170.779,1170167
170.815,1170353
170.858,1170895
170.893,1170953
170.935,1170673
170.976,1171081
171.015,1171406
171.056,1171707
171.094,1172001
171.136,1172089
171.173,1171921
171.208,1172248
171.244,1172555
171.285,1172614
171.32,1172562
171.358,1173045
171.396,1172733
171.438,1173177
171.476,1173130
171.519,1173444
171.555,1173650
171.598,1172875
171.635,1173495
171.67,1173794
171.712,1173950
171.748,1173679
171.783,1174172
171.823,1174159
171.858,1174166
171.894,1173750
171.933,1174189
171.969,1174505
172.012,1174551
172.047,1174181
172.09,1174770
172.129,1174794
172.17,1175055
172.211,1175254
172.249,1175223
172.291,1174840
172.329,1175015
172.371,1175290
172.409,1175137
172.451,1175200
172.489,1175090
172.523,1175210
172.559,1175690
172.601,1175466
172.636,1175713
172.672,1175613
172.711,1175430
172.753,1175722
172.789,1176087
172.832,1175803
172.869,1176298
172.905,1176197
172.947,1175816
172.982,1176320
173.017,1176246
173.053,1176072
173.093,1176263
173.128,1176763
173.167,1176651
173.203,1176738
173.246,1176550
173.283,1176817
173.319,1176687
173.361,1176581
173.396,1176479
173.431,1177005
173.472,1176974
173.506,1177096
173.542,1176433
173.583,1177187
173.618,1176875
173.662,1177216
173.697,1177405
173.74,1177465
173.776,1177339
173.811,1177161
173.853,1176867
173.889,1177470
173.924,1177569
173.965,1177297
174,1177752
174.035,1177727
174.076,1177464
174.111,1177823
174.153,1177731
174.189,1177827
174.232,1177542
174.268,1177524
174.303,1177597
174.345,1177832
174.381,1177866
174.416,1178142
174.458,1178020
174.494,1177688
174.536,1177724
174.572,1177876
174.607,1178020
174.648,1177908
174.683,1177672
174.726,1178291
174.761,1178480
174.804,1177919
174.84,1177929
174.882,1177972
174.922,1178211
174.961,1177948
175.002,1178444
175.04,1178454
175.082,1178455
175.119,1177777
175.154,1178226
175.189,1178480
175.23,1178072
175.265,1177968
175.304,1178123
175.341,1178489
175.384,1178429
175.42,1178433
175.455,1178601
175.497,1178292
175.533,1178445
175.568,1178275
175.61,1178226
175.645,1178226
175.68,1178282
175.721,1178543
175.757,1178285
175.798,1178645
175.833,1178627
175.876,1178518
175.912,1178412
175.947,1178253
175.99,1178918
176.025,1178802
176.06,1178528
176.101,1178690
176.136,1178734
176.171,1178647
176.211,1179088
176.247,1178888
176.29,1178412
176.325,1178792
176.368,1179228
176.404,1178980
176.439,1178670
176.482,1178651
176.518,1178742
176.561,1178937
176.595,1178461
176.631,1179014
176.671,1179137
176.707,1178802
176.742,1178806
176.783,1178835
176.818,1178693
176.861,1178753
176.897,1178386
176.939,1178873
176.979,1178815
177.017,1178625
177.059,1178888
177.096,1179014
177.138,1178486
177.176,1178631
177.218,1179004
177.254,1178732
177.29,1179054
177.332,1179055
177.368,1179289
177.403,1178811
177.443,1178864
177.478,1179162
177.52,1178811
177.555,1178559
177.598,1178747
177.634,1179054
177.669,1179286
177.712,1179079
177.747,1179135
177.783,1178683
177.824,1178845
177.859,1178618
177.895,1178631
177.934,1178719
177.969,1178583
178.012,1179014
178.047,1179006
178.09,1178859
178.126,1178726
178.161,1178671
178.204,1178331
178.239,1178618
178.282,1178624
178.317,1178465
178.352,1178798
178.393,1178559
178.428,1178826
178.464,1178847
178.503,1179171
178.539,1179018
178.582,1178621
178.617,1179116
178.653,1179159
178.695,1179058
178.73,1178999
178.771,1178806
178.806,1179203
178.842,1179079
178.881,1178716
178.916,1179287
178.952,1179044
178.995,1178829
179.03,1178922
179.073,1179111
179.109,1179106
179.151,1178635
179.191,1178426
179.23,1178756
179.272,1178864
179.31,1178728
179.352,1178849
179.39,1178873
179.432,1178268
179.469,1178618
179.504,1178878
179.539,1178808
179.58,1177815
179.615,1179836
179.653,1180881
179.691,1180257
179.734,1179613
179.77,1176691
179.813,1174796
179.849,1172914
179.884,1171328
179.926,1169962
179.962,1168865
179.997,1168012
180.039,1167333
180.074,1166728
180.109,1166012
180.149,1165587
180.185,1165105
180.228,1164654
180.263,1164057
180.306,1163815
180.342,1163451
180.377,1163184
180.42,1162803
180.455,1162467
180.49,1162231
180.531,1162033
180.566,1161407
180.601,1160998
180.643,1161036
180.678,1160698
180.721,1160538
180.756,1160133
180.799,1160131
180.835,1159936
180.87,1159639
180.913,1159226
180.948,1159307
180.99,1158962
181.025,1158980
181.06,1158414
181.1,1158399
181.135,1158285
181.17,1158175
181.212,1157950
181.247,1157520
181.29,1157579
181.326,1157601
181.361,1157407
181.404,1157270
181.439,1157178
181.481,1156846
181.517,1156761
181.559,1156632
181.595,1156380
181.63,1156305
181.669,1156570
181.704,1156195
181.74,1156096
181.783,1155826
181.818,1155790
181.86,1155731
181.901,1155298
181.938,1155486
181.973,1155280
182.008,1155144
182.048,1155129
182.083,1154897
182.122,1155046
182.16,1154859
182.202,1154725
182.238,1154523
182.274,1154634
182.316,1154165
182.352,1154158
182.387,1154105
182.428,1154102
182.463,1153991
182.498,1153825
182.539,1153584
182.574,1153693
182.617,1153410
182.653,1153380
182.696,1153140
182.731,1153093
182.767,1153048
182.809,1152980
182.844,1153007
182.88,1152854
182.918,1152853
182.953,1152693
182.989,1152511
183.03,1152649
183.065,1152676
183.108,1152413
183.143,1152410
183.178,1152319
183.222,1152187
183.257,1152229
183.298,1152033
183.333,1152067
183.368,1151954
183.409,1151818
183.445,1151859
183.48,1151829
183.522,1151595
183.557,1151562
183.601,1151636
183.636,1151671
183.678,1151329
183.719,1151070
183.758,1151265
183.799,1151243
183.838,1151198
183.879,1151166
183.917,1151038
183.959,1150969
183.996,1150864
184.031,1150692
184.066,1150839
184.107,1150730
184.143,1150613
184.18,1150744
184.218,1150674
184.261,1150566
184.296,1150591
184.339,1150425
184.375,1150167
184.41,1150303
184.452,1150591
184.487,1150261
184.523,1150141
184.564,1150078
184.599,1150151
184.634,1150017
184.676,1149811
184.711,1149907
184.753,1149847
184.788,1149700
184.831,1149709
184.867,1149775
184.902,1149686
184.945,1149550
184.98,1149428
185.022,1149532
185.057,1149792
185.092,1149247
185.133,1149318
185.168,1149417
185.204,1149271
185.245,1149462
185.28,1149203
185.323,1149072
185.359,1149119
185.402,1149010
185.441,1148825
185.482,1148864
185.523,1149035
185.561,1148938
185.603,1148776
185.64,1148682
185.683,1148790
185.72,1148750
185.763,1148718
185.8,1148683
185.835,1148561
185.87,1148473
185.912,1148456
185.947,1148322
185.984,1148415
186.023,1148139
186.065,1148094
186.103,1148183
186.145,1148103
186.183,1147972
186.218,1148198
186.26,1147842
186.295,1147705
186.331,1147782
186.37,1147700
186.406,1147565
186.441,1147544
186.484,1147651
186.52,1147714
186.559,1147438
186.594,1147398
186.63,1147479
186.671,1147366
186.706,1147370
186.745,1147115
186.782,1147122
186.825,1146836
186.861,1147040
186.896,1147044
186.938,1146877
186.973,1146884
187.008,1146907
187.044,1146901
187.084,1146867
187.119,1146801
187.158,1146730
187.195,1146941
187.237,1146601
187.273,1146600
187.308,1146685
187.351,1146535
187.386,1146818
187.421,1146446
187.462,1146620
187.497,1146440
187.533,1146332
187.572,1146465
187.608,1146472
187.651,1146251
187.686,1146208
187.722,1146238
187.764,1146277
187.799,1146195
187.842,1146278
187.877,1146314
187.912,1146198
187.953,1146058
187.988,1146090
188.024,1146108
188.064,1146039
188.099,1145933
188.142,1146367
188.177,1145840
188.213,1145840
188.255,1145902
188.291,1145849
188.332,1145691
188.367,1145601
188.402,1145719
188.443,1145933
188.478,1145521
188.514,1145543
188.556,1145597
188.591,1145660
188.634,1145373
188.67,1145379
188.711,1145541
188.751,1145387
188.791,1145454
188.832,1145530
188.871,1145349
188.913,1145203
188.95,1145206
188.993,1145264
189.03,1145119
189.073,1145009
189.109,1144953
189.144,1145143
189.18,1145003
189.221,1144842
189.256,1144986
189.294,1144800
189.332,1144654
189.374,1144742
189.41,1142365
189.453,1154128
189.489,1155310
189.524,1156101
189.566,1156677
189.602,1155770
189.637,1156129
189.679,1157186
189.714,1157053
189.749,1157977
189.79,1158572
189.825,1159717
189.867,1160267
189.903,1160564
189.946,1161514
189.981,1162030
190.017,1163111
190.06,1163680
190.095,1164011
190.131,1164562
190.171,1165228
190.207,1165291
190.242,1166099
190.283,1166741
190.318,1167399
190.361,1167336
190.396,1167556
190.439,1167805
190.475,1168464
190.51,1168565
190.553,1168653
190.589,1169409
190.631,1169867
190.666,1169869
190.701,1170069
190.742,1169933
190.778,1170167
190.813,1170475
190.854,1170507
190.89,1171095
190.933,1171135
190.968,1171098
191.004,1171683
191.046,1171896
191.082,1171765
191.123,1171958
191.158,1171940
191.193,1172287
191.235,1172777
191.27,1173209
191.305,1172947
191.347,1172861
191.383,1173246
191.426,1173347
191.461,1173110
191.504,1173190
191.543,1173391
191.583,1173934
191.625,1173260
191.663,1173827
191.705,1173953
191.743,1173877
191.785,1173990
191.823,1174152
191.866,1174095
191.902,1174129
191.937,1174550
191.973,1174387
192.013,1174430
192.048,1174623
192.087,1174668
192.124,1174533
192.166,1174659
192.203,1174801
192.238,1175098
192.281,1175098
192.316,1175098
192.352,1175242
192.392,1174877
192.428,1175137
192.463,1175477
192.504,1175096
192.539,1175282
192.581,1175489
192.617,1175461
192.66,1175716
192.695,1175750
192.731,1175573
192.774,1175891
192.81,1175363
192.85,1175812
192.885,1175831
192.92,1176083
192.961,1175936
192.997,1175978
193.032,1176173
193.075,1176367
193.111,1175908
193.154,1175940
193.189,1176225
193.232,1176236
193.272,1176070
193.311,1176580
193.352,1176538
193.389,1176538
193.432,1176418
193.469,1176393
193.504,1176600
193.539,1176441
193.579,1176344
193.615,1176769
193.657,1176727
193.693,1176697
193.736,1177012
193.771,1176765
193.814,1176602
193.85,1176932
193.885,1176809
193.928,1176856
193.964,1176809
194.005,1176806
194.04,1177099
194.075,1177310
194.115,1176754
194.151,1177077
194.186,1177255
194.229,1177307
194.265,1177341
194.306,1177259
194.347,1177454
194.384,1177640
194.427,1177328
194.464,1177636
194.498,1177581
194.534,1177336
194.575,1177345
194.61,1177696
194.652,1177714
194.688,1177997
194.731,1177495
194.766,1177733
194.809,1177627
194.844,1177444
194.88,1177905
194.923,1178006
194.959,1177593
194.999,1178108
195.034,1178198
195.069,1177892
195.109,1177869
195.145,1177970
195.185,1178136
195.225,1178014
195.265,1177807
195.305,1178292
195.344,1178416
195.386,1178014
195.423,1178147
195.466,1178060
195.502,1178150
195.537,1178026
195.581,1177938
195.616,1177845
195.658,1178140
195.693,1178237
195.728,1178235
195.767,1178150
195.802,1177973
195.838,1178118
195.881,1178588
195.916,1178050
195.959,1177890
195.995,1177985
196.034,1178237
196.076,1177942
196.113,1178031
196.156,1178203
196.193,1178294
196.228,1177890
196.27,1178016
196.305,1178266
196.34,1178615
196.38,1178092
196.415,1177839
196.459,1178287
196.494,1178251
196.537,1178494
196.573,1178171
196.615,1178150
196.655,1178292
196.695,1178352
196.737,1178389
196.775,1178357
196.817,1178303
196.852,1177897
196.888,1178274
196.923,1178518
196.963,1178450
196.999,1178418
197.038,1178402
197.075,1178364
197.118,1178616
197.153,1178657
197.189,1178231
197.232,1178294
197.268,1178762
197.303,1178576
197.343,1178266
197.378,1178357
197.414,1178457
197.455,1178854
197.491,1177803
197.533,1178320
197.568,1178498
197.611,1178442
197.647,1178479
197.682,1178627
197.725,1178324
197.76,1178320
197.796,1178460
197.835,1178460
197.87,1178494
197.905,1178775
197.946,1178596
197.982,1178706
198.025,1178300
198.06,1178420
198.096,1178616
198.139,1178267
198.174,1177921
198.216,1178226
198.251,1178423
198.287,1178209
198.326,1178090
198.361,1178231
198.397,1178383
198.439,1178637
198.474,1177901
198.517,1178336
198.553,1178465
198.595,1178142
198.635,1178180
198.674,1178364
198.716,1178299
198.753,1178300
198.788,1178550
198.823,1178294
198.864,1178222
198.899,1178108
198.938,1178111
198.973,1178343
199.016,1178129
199.052,1178092
199.087,1178568
199.13,1178501
199.165,1178553
199.201,1178232
199.243,1178175
199.278,1178550
199.313,1178113
199.355,1178849
199.389,1180755
199.432,1180491
199.467,1178571
199.51,1176350
199.546,1173883
199.581,1172498
199.624,1170818
199.66,1169519
199.703,1168593
199.738,1167814
199.773,1167176
199.815,1166785
199.85,1165917
199.885,1165522
199.928,1165054
199.964,1164711
200.005,1164247
200.046,1163929
200.085,1163675
200.126,1163365
200.164,1163264
200.207,1162559
200.244,1162408
200.287,1162184
200.323,1162039
200.358,1161473
200.393,1161368
200.435,1161031
200.47,1160969
200.508,1160422
200.546,1160453
200.588,1160262
200.625,1159985
200.667,1159774
200.704,1159647
200.739,1159502
200.781,1159233
200.817,1158796
200.852,1158815
200.888,1158562
200.926,1158424
200.962,1158283
201.002,1158062
201.037,1157873
201.08,1157598
201.116,1157395
201.151,1157194
201.194,1156948
201.229,1156703
201.265,1156753
201.306,1156596
201.341,1156307
201.376,1156213
201.417,1156142
201.452,1155669
201.496,1155767
201.531,1155682
201.574,1155565
201.609,1155444
201.645,1155237
201.688,1155103
201.723,1154999
201.758,1154594
201.798,1154760
201.834,1154743
201.869,1154611
201.91,1154498
201.945,1154490
201.988,1154298
202.023,1154139
202.066,1153803
202.102,1153896
202.137,1153810
202.179,1153615
202.214,1153706
202.257,1153637
202.292,1153450
202.327,1153350
202.367,1153310
202.402,1153016
202.438,1152996
202.479,1152854
202.514,1152815
202.557,1152683
202.592,1152607
202.628,1152520
202.67,1152538
202.705,1152492
202.748,1152596
202.783,1152196
202.818,1152162
202.858,1152189
202.894,1152134
202.929,1151833
202.971,1151829
203.006,1152049
203.049,1151992
203.085,1151718
203.126,1151549
203.167,1151539
203.204,1151357
203.247,1151044
203.283,1151305
203.318,1151331
203.354,1151260
203.394,1151205
203.43,1151092
203.468,1151058
203.505,1151147
203.547,1150689
203.583,1150896
203.618,1150972
203.66,1150883
203.696,1150629
203.731,1150659
203.772,1150769
203.807,1150709
203.842,1150541
203.883,1150512
203.919,1150579
203.961,1150369
203.997,1149981
204.04,1150298
204.075,1150192
204.111,1150050
204.153,1150120
204.189,1149976
204.224,1149983
204.265,1149909
204.3,1149724
204.336,1149825
204.376,1149698
204.411,1149485
204.454,1149636
204.489,1149528
204.532,1149374
204.568,1149463
204.603,1149406
204.647,1149210
204.682,1149076
204.724,1149154
204.759,1149215
204.795,1149108
204.836,1148921
204.871,1149040
204.906,1149177
204.948,1148780
204.983,1148733
205.026,1148802
205.062,1148611
205.097,1148513
205.141,1148474
205.176,1148548
205.218,1148612
205.253,1148048
205.289,1148355
205.329,1148178
205.367,1148116
205.409,1148109
205.448,1147739
205.487,1148085
205.528,1147832
205.567,1148078
205.609,1147848
205.647,1147776
205.69,1147574
205.726,1147540
205.761,1147773
205.803,1147415
205.839,1147444
205.874,1147529
205.916,1147522
205.951,1147365
205.987,1147267
206.026,1147327
206.061,1147223
206.104,1147132
206.14,1147156
206.175,1147044
206.218,1147015
206.253,1147095
206.296,1146859
206.331,1146770
206.366,1146795
206.407,1146978
206.443,1146697
206.478,1146781
206.519,1146711
206.554,1146719
206.597,1146506
206.633,1146464
206.668,1146567
206.712,1146580
206.747,1146321
206.788,1146379
206.823,1146456
206.859,1146384
206.899,1146108
206.934,1146097
206.976,1146138
207.011,1146301
207.047,1145982
207.09,1146147
207.125,1146081
207.168,1145884
207.208,1145840
207.247,1145864
207.288,1145805
207.327,1145618
207.369,1145409
207.405,1145823
207.448,1145743
207.485,1145710
207.52,1145498
207.556,1145567
207.595,1145304
207.63,1145319
207.67,1145522
207.707,1145188
207.75,1145257
207.786,1145354
207.821,1145291
207.864,1145254
207.899,1145099
207.934,1145076
207.977,1144909
208.011,1145036
208.047,1145077
208.086,1145194
208.122,1145024
208.165,1144869
208.201,1144772
208.244,1144802
208.279,1144963
208.315,1144668
208.358,1144654
208.394,1144732
208.435,1144818
208.47,1144767
208.506,1144579
208.546,1144531
208.581,1144515
208.617,1144235
208.659,1144316
208.694,1144302
208.738,1144401
208.773,1144297
208.814,1144290
208.855,1144259
208.894,1144197
208.935,1144125
208.973,1143747
209.015,1144076
209.052,1144130
209.095,1143919
