START TIME:2025-08-06 11:53:59,
STEP-01 Resistance,
,
TIME(S),R(OHM)
0.037,1316899
0.071,1316834
0.113,1316879
0.148,1316847
0.183,1316826
0.223,1316820
0.258,1316817
0.3,1316845
0.335,1316834
0.369,1316885
0.41,1316880
0.446,1316894
0.481,1316921
0.515,1316869
0.557,1316856
0.591,1316883
0.632,1316888
0.668,1316907
0.71,1316885
0.747,1316885
0.782,1316850
0.822,1316760
0.858,1316793
0.893,1316779
0.927,1316728
0.968,1316706
1.003,1316657
1.038,1316589
1.079,1316584
1.116,1316627
1.158,1316728
1.195,1316782
1.237,1316793
1.273,1316820
1.307,1316850
1.349,1316853
1.384,1316937
1.426,1316964
1.464,1316961
1.505,1316945
1.545,1316899
1.584,1316880
1.625,1316855
1.664,1316831
1.704,1316845
1.744,1316782
1.785,1316736
1.823,1316690
1.857,1316684
1.892,1316706
1.934,1316744
1.969,1316807
2.006,1316790
2.045,1316828
2.085,1316861
2.124,1316891
2.165,1316961
2.202,1316956
2.244,1316964
2.282,1316950
2.317,1316902
2.357,1316948
2.393,1316926
2.427,1316888
2.462,1316918
2.503,1316885
2.536,1316896
2.572,1316918
2.613,1316839
2.652,1316834
2.692,1316798
2.731,1316768
2.772,1316815
2.811,1316788
2.851,1316790
2.89,1316763
2.931,1316692
2.969,1316790
3.01,1316793
3.048,1316812
3.089,1316855
3.127,1316815
3.167,1316839
3.207,1316812
3.247,1316823
3.286,1316880
3.327,1316872
3.366,1316891
3.407,1316885
3.445,1316831
3.485,1316834
3.524,1316864
3.564,1316874
3.604,1316877
3.644,1316855
3.683,1316866
3.724,1316850
3.763,1316831
3.804,1316864
3.842,1316877
3.883,1316815
3.922,1316815
3.961,1316806
4.001,1316806
4.04,1316771
4.081,1316730
4.119,1316747
4.16,1316747
4.199,1316709
4.24,1316701
4.275,1316701
4.317,1316695
4.355,1316682
4.39,1316671
4.431,1316747
4.466,1316766
4.5,1316711
4.535,1316720
4.577,1316722
4.611,1316747
4.646,1316747
4.687,1316755
4.724,1316787
4.766,1316722
4.802,1316673
4.836,1316700
4.878,1316714
4.913,1316725
4.947,1316700
4.989,1316706
5.024,1316668
5.067,1316687
5.101,1316739
5.136,1316768
5.177,1316760
5.212,1316755
5.254,1316760
5.289,1316769
5.323,1316779
5.366,1316828
5.4,1316817
5.441,1316801
5.477,1316823
5.519,1316815
5.555,1316809
5.589,1316823
5.63,1316834
5.666,1316796
5.7,1316809
5.734,1316788
5.769,1316760
5.809,1316744
5.844,1316755
5.879,1316768
5.921,1316744
5.955,1316706
5.99,1316730
6.032,1316695
6.067,1316706
6.108,1316720
6.144,1316687
6.178,1316728
6.213,1316700
6.254,1316700
6.288,1316736
6.324,1316690
6.366,1316706
6.404,1316703
6.444,1316681
6.483,1316681
6.523,1316633
6.562,1316662
6.602,1316662
6.642,1316622
6.681,1316660
6.721,1316654
6.761,1316635
6.801,1316654
6.841,1316627
6.88,1316668
6.921,1316703
6.96,1316692
7,1316728
7.038,1316709
7.078,1316698
7.118,1316717
7.157,1316739
7.197,1316749
7.236,1316722
7.277,1316641
7.316,1316657
7.356,1316660
7.395,1316701
7.436,1316682
7.474,1316679
7.515,1316619
7.553,1316611
7.595,1316616
7.633,1316616
7.675,1316616
7.713,1316613
7.754,1316586
7.791,1316616
7.833,1316624
7.871,1316616
7.905,1316641
7.946,1316654
7.983,1316676
8.017,1316654
8.052,1316646
8.094,1316649
8.128,1316665
8.163,1316611
8.203,1316646
8.241,1316622
8.283,1316586
8.32,1316600
8.362,1316605
8.399,1316608
8.441,1316613
8.478,1316586
8.52,1316638
8.557,1316649
8.591,1316695
8.633,1316728
8.668,1316741
8.711,1316758
8.748,1316766
8.788,1316763
8.828,1316749
8.867,1316739
8.908,1316698
8.947,1316676
8.988,1316679
9.026,1316665
9.067,1316657
9.105,1316635
9.147,1316622
9.185,1316641
9.227,1316570
9.264,1316584
9.305,1316548
9.343,1316505
9.377,1316510
9.412,1316497
9.455,1316475
9.489,1316491
9.524,1316461
9.566,1316529
9.603,1316551
9.645,1316562
9.682,1316592
9.725,1316516
9.761,1316486
9.796,1316537
9.838,1316546
9.873,1316557
9.915,1316581
9.954,1316568
9.994,1316549
10.035,1316484
10.074,1316557
10.116,1316619
10.154,1316660
10.195,1316677
10.233,1316701
10.268,1316712
10.303,1316807
10.343,1316927
10.378,1317087
10.417,1317212
10.454,1317288
10.496,1317378
10.532,1317492
10.567,1317611
10.608,1317756
10.643,1317840
10.677,1317940
10.712,1318057
10.754,1318163
10.789,1318304
10.824,1318375
10.866,1318443
10.903,1318568
10.945,1318630
10.983,1318709
11.025,1318766
11.063,1318796
11.105,1318818
11.143,1318815
11.184,1318826
11.224,1318908
11.264,1318954
11.303,1318992
11.343,1319008
11.382,1319055
11.422,1319098
11.461,1319131
11.5,1319182
11.54,1319180
11.577,1319226
11.618,1319242
11.656,1319296
11.69,1319348
11.731,1319432
11.767,1319465
11.809,1319525
11.846,1319587
11.88,1319688
11.915,1319704
11.957,1319742
11.992,1319756
12.027,1319807
12.069,1319745
12.105,1319729
12.148,1319718
12.184,1319710
12.226,1319710
12.263,1319710
12.305,1319756
12.341,1319742
12.384,1319761
12.42,1319813
12.462,1319870
12.499,1319897
12.542,1319867
12.578,1319902
12.62,1319900
12.656,1319853
12.698,1319894
12.735,1319859
12.777,1319908
12.814,1319932
12.857,1319922
12.892,1319989
12.927,1319981
12.969,1320011
13.004,1320044
13.046,1320022
13.085,1320073
13.126,1320030
13.166,1320035
13.205,1320082
13.247,1320060
13.284,1320098
13.326,1320122
13.364,1320106
13.406,1320133
13.444,1320131
13.485,1320160
13.523,1320160
13.565,1320133
13.602,1320180
13.644,1320136
13.682,1320131
13.723,1320141
13.761,1320117
13.802,1320125
13.841,1320144
13.882,1320133
13.921,1320166
13.962,1320155
14.001,1320215
14.042,1320141
14.079,1320141
14.113,1320188
14.148,1320185
14.191,1320166
14.225,1320141
14.26,1320160
14.302,1320166
14.338,1320130
14.38,1320209
14.416,1320204
14.451,1320209
14.493,1320182
14.528,1320217
14.571,1320258
14.609,1320258
14.65,1320264
14.691,1320315
14.727,1320329
14.762,1320345
14.796,1320364
14.839,1320418
14.874,1320413
14.909,1320440
14.949,1320399
14.986,1320380
15.028,1320378
15.065,1320391
15.107,1320391
15.144,1320391
15.186,1320362
15.223,1320326
15.258,1320326
15.3,1320353
15.335,1320372
15.377,1320359
15.416,1320332
15.457,1320337
15.497,1320340
15.536,1320348
15.578,1320375
15.613,1320378
15.647,1320345
15.682,1320375
15.725,1320402
15.76,1320421
15.795,1320460
15.835,1320427
15.873,1320416
15.914,1320446
15.953,1320457
15.994,1320457
16.032,1320440
16.073,1320413
16.111,1320397
16.15,1320394
16.191,1320443
16.23,1320492
16.271,1320457
16.31,1320410
16.351,1320478
16.39,1320497
16.431,1320525
16.47,1320522
16.511,1320541
16.548,1320544
16.59,1320557
16.627,1320612
16.662,1320612
16.696,1320595
16.737,1320601
16.772,1320576
16.807,1320611
16.849,1320603
16.884,1320560
16.926,1320571
16.961,1320522
16.996,1320574
17.038,1320606
17.073,1320571
17.107,1320555
17.148,1320546
17.182,1320557
17.217,1320576
17.26,1320563
17.295,1320614
17.332,1320587
17.372,1320571
17.412,1320598
17.45,1320623
17.492,1320647
17.53,1320601
17.572,1320631
17.61,1320595
17.645,1320546
17.685,1320587
17.72,1320593
17.755,1320601
17.797,1320595
17.832,1320541
17.867,1320609
17.908,1320609
17.942,1320633
17.984,1320612
18.019,1320598
18.054,1320595
18.097,1320525
18.131,1320541
18.166,1320536
18.208,1320533
18.243,1320517
18.278,1320481
18.319,1320533
18.353,1320517
18.389,1320498
18.43,1320552
18.469,1320506
18.51,1320560
18.549,1320530
18.59,1320500
18.628,1320530
18.669,1320511
18.707,1320538
18.749,1320549
18.785,1320557
18.828,1320574
18.864,1320579
18.907,1320563
18.943,1320552
18.985,1320516
19.022,1320497
19.064,1320503
19.101,1320519
19.144,1320533
19.18,1320557
19.223,1320552
19.259,1320541
19.301,1320595
19.338,1320647
19.38,1320660
19.417,1320647
19.46,1320630
19.496,1320606
19.531,1320617
19.573,1320595
19.608,1320658
19.649,1320628
19.689,1320636
19.728,1320679
19.769,1320650
19.807,1320660
19.849,1320679
19.885,1320655
19.927,1320671
19.964,1320641
19.998,1320688
20.033,1320658
20.074,1320628
20.109,1320642
20.144,1320620
20.186,1320642
20.223,1320685
20.266,1320625
20.302,1320586
20.337,1320553
20.379,1320544
20.414,1320541
20.456,1320553
20.495,1320568
20.535,1320538
20.576,1320479
20.615,1320496
20.657,1320484
20.695,1320385
20.736,1320280
20.774,1320159
20.815,1320045
20.853,1319906
20.887,1319725
20.922,1319589
20.963,1319470
20.998,1319329
21.033,1319269
21.072,1319177
21.112,1319105
21.152,1319018
21.191,1318917
21.232,1318875
21.271,1318786
21.311,1318692
21.351,1318610
21.391,1318528
21.431,1318473
21.469,1318419
21.511,1318352
21.549,1318285
21.591,1318201
21.627,1318136
21.662,1318057
21.703,1318002
21.738,1317925
21.773,1317881
21.808,1317842
21.85,1317780
21.884,1317762
21.92,1317719
21.961,1317712
22,1317732
22.04,1317717
22.08,1317707
22.118,1317645
22.16,1317576
22.198,1317533
22.232,1317509
22.273,1317474
22.31,1317494
22.352,1317447
22.389,1317407
22.423,1317357
22.458,1317321
22.5,1317291
22.534,1317276
22.569,1317221
22.61,1317231
22.647,1317169
22.69,1317122
22.725,1317120
22.76,1317084
22.802,1317087
22.837,1317117
22.871,1317094
22.914,1317094
22.948,1317072
22.983,1317031
23.024,1317040
23.058,1317015
23.093,1317013
23.135,1317028
23.169,1316990
23.206,1316976
23.247,1316993
23.285,1316964
23.326,1316971
23.364,1316951
23.405,1316902
23.444,1316875
23.485,1316862
23.524,1316857
23.564,1316867
23.604,1316837
23.643,1316837
23.684,1316778
23.722,1316745
23.764,1316755
23.8,1316771
23.842,1316750
23.878,1316730
23.913,1316716
23.954,1316708
23.988,1316708
24.023,1316710
24.058,1316706
24.099,1316728
24.133,1316726
24.176,1316726
24.21,1316693
24.249,1316684
24.287,1316688
24.329,1316651
24.367,1316728
24.409,1316713
24.445,1316674
24.487,1316674
24.525,1316651
24.56,1316703
24.6,1316703
24.637,1316661
24.679,1316681
24.717,1316609
24.751,1316651
24.786,1316648
24.828,1316636
24.863,1316641
24.898,1316609
24.938,1316609
24.977,1316587
25.018,1316614
25.056,1316612
25.097,1316570
25.136,1316602
25.176,1316577
25.216,1316547
25.255,1316512
25.295,1316475
25.335,1316512
25.375,1316540
25.415,1316562
25.454,1316574
25.495,1316547
25.534,1316562
25.573,1316592
25.614,1316604
25.652,1316619
25.693,1316592
25.731,1316502
25.773,1316458
25.811,1316465
25.852,1316498
25.891,1316488
25.925,1316463
25.966,1316455
26.002,1316478
26.037,1316517
26.072,1316517
26.114,1316554
26.148,1316522
26.183,1316500
26.224,1316542
26.262,1316557
26.303,1316587
26.342,1316574
26.382,1316532
26.422,1316547
26.461,1316557
26.501,1316574
26.54,1316562
26.581,1316564
26.62,1316534
26.661,1316510
26.699,1316468
26.74,1316510
26.778,1316517
26.819,1316502
26.857,1316497
26.898,1316505
26.937,1316460
26.978,1316438
27.016,1316423
27.058,1316453
27.096,1316426
27.138,1316418
27.174,1316426
27.216,1316436
27.253,1316398
27.288,1316371
27.329,1316386
27.364,1316398
27.398,1316411
27.433,1316401
27.475,1316401
27.509,1316398
27.544,1316356
27.586,1316356
27.622,1316394
27.657,1316420
27.698,1316433
27.733,1316423
27.768,1316413
27.81,1316418
27.845,1316416
27.887,1316443
27.922,1316450
27.957,1316436
27.999,1316416
28.033,1316391
28.068,1316375
28.109,1316348
28.144,1316334
28.183,1316309
28.221,1316286
28.263,1316302
28.299,1316279
28.341,1316257
28.377,1316240
28.411,1316234
28.452,1316274
28.487,1316277
28.522,1316260
28.564,1316284
28.598,1316269
28.633,1316250
28.668,1316282
28.708,1316303
28.748,1316289
28.787,1316276
28.827,1316271
28.867,1316306
28.907,1316299
28.946,1316274
28.987,1316282
29.025,1316271
29.066,1316304
29.104,1316287
29.146,1316282
29.184,1316271
29.225,1316234
29.263,1316212
29.305,1316199
29.343,1316241
29.384,1316244
29.422,1316195
29.464,1316247
29.501,1316199
29.543,1316185
29.58,1316195
29.614,1316185
29.649,1316215
29.69,1316202
29.725,1316178
29.76,1316198
29.802,1316128
29.837,1316147
29.875,1316157
29.913,1316133
29.954,1316094
29.991,1316074
30.034,1316056
30.071,1316051
30.106,1316011
30.147,1316029
30.183,1316029
30.217,1316029
30.252,1316013
30.293,1316029
30.328,1316013
30.363,1316006
30.404,1316017
30.444,1316091
30.481,1316055
30.523,1316042
30.561,1316082
30.603,1316088
30.64,1316069
30.675,1316104
30.716,1316091
30.752,1316131
30.786,1316118
30.821,1316194
30.862,1316300
30.897,1316335
30.933,1316487
30.973,1316648
31.013,1316762
31.053,1316928
31.093,1317025
31.13,1317131
31.172,1317275
31.21,1317354
31.251,1317509
31.288,1317645
31.323,1317743
31.364,1317833
31.4,1317920
31.434,1318045
31.477,1318159
31.511,1318238
31.546,1318360
31.587,1318376
31.621,1318403
31.663,1318444
31.698,1318515
31.733,1318588
31.775,1318634
31.81,1318662
31.844,1318732
31.879,1318729
31.921,1318800
31.955,1318857
31.998,1318952
32.032,1319004
32.069,1319039
32.108,1319069
32.149,1319101
32.188,1319107
32.23,1319178
32.268,1319216
32.31,1319216
32.347,1319248
32.388,1319303
32.427,1319338
32.461,1319371
32.502,1319411
32.537,1319466
32.572,1319507
32.607,1319526
32.647,1319531
32.681,1319572
32.718,1319591
32.758,1319591
32.798,1319613
32.838,1319623
32.878,1319629
32.917,1319637
32.958,1319659
32.995,1319724
33.037,1319705
33.075,1319689
33.11,1319738
33.151,1319781
33.187,1319754
33.222,1319759
33.257,1319778
33.297,1319803
33.332,1319789
33.368,1319806
33.409,1319806
33.448,1319784
33.489,1319776
33.527,1319795
33.568,1319819
33.606,1319803
33.646,1319795
33.686,1319811
33.726,1319830
33.766,1319898
33.805,1319874
33.846,1319857
33.885,1319928
33.925,1319939
33.964,1319980
34.005,1319969
34.043,1319947
34.085,1319933
34.123,1319912
34.164,1319955
34.201,1319906
34.243,1319887
34.281,1319876
34.315,1319893
34.356,1319923
34.391,1319931
34.426,1319925
34.461,1319901
34.495,1319939
34.534,1320012
34.571,1320004
34.614,1320012
34.649,1319985
34.692,1319961
34.728,1319971
34.77,1319982
34.807,1320023
34.849,1320007
34.886,1320029
34.928,1320056
34.964,1320067
35.007,1320053
35.043,1320083
35.085,1320116
35.122,1320118
35.164,1320118
35.201,1320113
35.243,1320080
35.279,1320086
35.322,1320072
35.358,1320113
35.4,1320137
35.437,1320086
35.48,1320140
35.516,1320099
35.551,1320113
35.593,1320135
35.628,1320083
35.669,1320102
35.709,1320099
35.748,1320102
35.789,1320164
35.828,1320113
35.863,1320126
35.898,1320088
35.939,1320069
35.974,1320137
36.01,1320151
36.051,1320142
36.09,1320096
36.131,1320088
36.169,1320091
36.211,1320107
36.249,1320159
36.29,1320105
36.329,1320110
36.37,1320113
36.409,1320113
36.45,1320143
36.487,1320137
36.529,1320153
36.566,1320175
36.609,1320170
36.645,1320191
36.68,1320170
36.722,1320175
36.756,1320197
36.798,1320202
36.838,1320210
36.878,1320205
36.919,1320208
36.958,1320230
36.999,1320292
37.037,1320308
37.078,1320303
37.117,1320287
37.158,1320297
37.197,1320270
37.237,1320267
37.275,1320243
37.317,1320240
37.354,1320230
37.396,1320249
37.434,1320238
37.468,1320238
37.503,1320249
37.546,1320298
37.58,1320328
37.615,1320322
37.655,1320308
37.693,1320330
37.735,1320300
37.771,1320346
37.814,1320352
37.85,1320308
37.892,1320303
37.929,1320297
37.964,1320319
38.006,1320327
38.041,1320335
38.083,1320335
38.122,1320303
38.162,1320314
38.203,1320365
38.24,1320306
38.282,1320254
38.319,1320254
38.36,1320257
38.399,1320232
38.44,1320273
38.477,1320257
38.511,1320240
38.546,1320230
38.588,1320262
38.622,1320327
38.657,1320357
38.7,1320352
38.735,1320382
38.778,1320352
38.814,1320371
38.855,1320401
38.892,1320376
38.934,1320376
38.971,1320363
39.006,1320352
39.048,1320330
39.083,1320295
39.123,1320303
39.164,1320322
39.203,1320303
39.243,1320292
39.283,1320281
39.323,1320281
39.362,1320268
39.402,1320243
39.44,1320259
39.475,1320270
39.509,1320240
39.552,1320232
39.586,1320219
39.621,1320257
39.664,1320262
39.699,1320257
39.734,1320265
39.776,1320270
39.811,1320229
39.846,1320224
39.887,1320205
39.922,1320235
39.957,1320235
39.997,1320227
40.032,1320205
40.067,1320227
40.107,1320240
40.141,1320295
40.182,1320322
40.217,1320327
40.259,1320330
40.297,1320330
40.339,1320338
40.376,1320355
40.41,1320338
40.451,1320315
40.486,1320267
40.521,1320230
40.556,1320211
40.598,1320142
40.632,1320052
40.667,1319981
40.709,1319904
40.746,1319830
40.788,1319708
40.825,1319607
40.867,1319500
40.903,1319378
40.945,1319293
40.982,1319196
41.023,1319074
41.061,1318944
41.103,1318838
41.14,1318742
41.18,1318626
41.219,1318491
41.258,1318395
41.298,1318298
41.338,1318181
41.379,1318091
41.417,1318029
41.459,1317923
41.497,1317812
41.538,1317738
41.575,1317667
41.617,1317605
41.655,1317534
41.69,1317478
41.731,1317404
41.766,1317357
41.8,1317293
41.835,1317277
41.877,1317232
41.912,1317198
41.948,1317136
41.988,1317071
42.028,1317020
42.067,1317004
42.108,1316938
42.147,1316930
42.188,1316872
42.226,1316816
42.268,1316755
42.306,1316736
42.341,1316752
42.382,1316710
42.417,1316684
42.451,1316633
42.486,1316596
42.528,1316569
42.563,1316540
42.598,1316514
42.639,1316479
42.677,1316471
42.717,1316466
42.757,1316392
42.797,1316392
42.837,1316366
42.875,1316370
42.917,1316355
42.955,1316392
42.997,1316370
43.035,1316286
43.069,1316278
43.11,1316293
43.146,1316272
43.181,1316252
43.216,1316193
43.257,1316201
43.292,1316216
43.327,1316190
43.369,1316172
43.406,1316148
43.448,1316142
43.485,1316132
43.527,1316132
43.564,1316137
43.606,1316105
43.643,1316063
43.685,1316068
43.721,1316102
43.764,1316113
43.8,1316087
43.835,1316100
43.877,1316090
43.912,1316108
43.954,1316134
43.994,1316079
44.033,1316050
44.074,1316017
44.111,1316013
44.145,1315978
44.18,1315925
44.221,1315931
44.255,1315880
44.292,1315880
44.331,1315888
44.372,1315917
44.409,1315923
44.45,1315886
44.489,1315962
44.523,1315980
44.564,1315941
44.599,1315962
44.634,1315936
44.669,1315925
44.711,1315901
44.745,1315888
44.781,1315952
44.823,1315864
44.861,1315875
44.902,1315875
44.941,1315880
44.982,1315843
45.02,1315832
45.061,1315827
45.099,1315803
45.14,1315821
45.179,1315827
45.217,1315798
45.258,1315798
45.295,1315766
45.337,1315756
45.375,1315766
45.417,1315727
45.455,1315750
45.496,1315710
45.535,1315710
45.576,1315747
45.615,1315739
45.656,1315745
45.693,1315774
45.735,1315747
45.773,1315793
45.807,1315758
45.848,1315708
45.885,1315713
45.926,1315676
45.963,1315673
46.005,1315676
46.043,1315668
46.077,1315684
46.112,1315679
46.153,1315662
46.188,1315658
46.223,1315662
46.264,1315658
46.302,1315653
46.343,1315690
46.382,1315650
46.423,1315639
46.461,1315628
46.501,1315625
46.541,1315636
46.58,1315647
46.621,1315642
46.66,1315647
46.699,1315581
46.738,1315599
46.779,1315605
46.815,1315665
46.85,1315676
46.89,1315655
46.926,1315628
46.961,1315608
46.996,1315653
47.037,1315650
47.071,1315636
47.107,1315652
47.147,1315541
47.187,1315567
47.227,1315591
47.267,1315596
47.305,1315607
47.347,1315533
47.385,1315541
47.426,1315549
47.465,1315525
47.505,1315570
47.545,1315549
47.585,1315517
47.624,1315514
47.664,1315491
47.703,1315514
47.744,1315541
47.782,1315528
47.824,1315512
47.862,1315517
47.896,1315517
47.937,1315517
47.972,1315528
48.007,1315533
48.041,1315509
48.084,1315475
48.118,1315454
48.153,1315475
48.194,1315477
48.232,1315451
48.272,1315469
48.312,1315451
48.35,1315462
48.392,1315466
48.428,1315451
48.47,1315456
48.508,1315427
48.55,1315403
48.587,1315387
48.621,1315369
48.662,1315395
48.697,1315403
48.732,1315372
48.766,1315353
48.808,1315358
48.842,1315329
48.877,1315324
48.92,1315395
48.955,1315390
48.99,1315372
49.032,1315343
49.067,1315374
49.101,1315387
49.143,1315384
49.178,1315435
49.219,1315406
49.254,1315363
49.289,1315408
49.331,1315377
49.365,1315406
49.4,1315406
49.442,1315422
49.476,1315403
49.516,1315374
49.553,1315387
49.595,1315387
49.633,1315337
49.667,1315321
49.708,1315287
49.744,1315281
49.778,1315263
49.821,1315278
49.855,1315310
49.89,1315292
49.932,1315292
49.967,1315315
50.002,1315343
50.044,1315358
50.082,1315353
50.122,1315366
50.162,1315403
50.202,1315382
50.242,1315409
50.281,1315395
50.321,1315382
50.361,1315387
50.4,1315422
50.441,1315395
50.48,1315381
50.52,1315379
50.559,1315403
50.6,1315447
50.638,1315479
50.679,1315536
50.718,1315612
50.758,1315621
50.798,1315751
50.837,1315868
50.877,1315998
50.917,1316083
50.956,1316183
50.997,1316324
51.036,1316417
51.076,1316531
51.116,1316661
51.156,1316759
51.195,1316876
51.235,1316928
51.275,1317045
51.315,1317132
51.354,1317208
51.394,1317311
51.434,1317362
51.474,1317477
51.514,1317566
51.553,1317623
51.594,1317716
51.632,1317784
51.673,1317846
51.711,1317876
51.746,1317917
51.788,1317998
51.822,1318055
51.857,1318080
51.9,1318113
51.934,1318142
51.969,1318178
52.011,1318183
52.046,1318259
52.081,1318311
52.123,1318333
52.159,1318363
52.201,1318387
52.237,1318439
52.28,1318466
52.316,1318488
52.351,1318548
52.393,1318556
52.428,1318586
52.47,1318618
52.509,1318599
52.55,1318629
52.59,1318651
52.627,1318656
52.669,1318656
52.705,1318678
52.74,1318675
52.775,1318675
52.815,1318675
52.849,1318694
52.886,1318721
52.926,1318735
52.966,1318765
53.003,1318806
53.045,1318789
53.082,1318833
53.124,1318849
53.161,1318846
53.203,1318865
53.241,1318849
53.275,1318852
53.318,1318901
53.353,1318890
53.395,1318906
53.43,1318912
53.464,1318933
53.499,1318960
53.541,1318969
53.576,1318990
53.618,1318982
53.653,1318922
53.695,1318944
53.73,1319001
53.773,1319009
53.808,1318993
53.85,1318998
53.885,1319023
53.927,1319045
53.965,1319085
53.999,1319096
54.04,1319107
54.075,1319093
54.11,1319096
54.145,1319112
54.187,1319077
54.222,1319083
54.257,1319072
54.298,1319072
54.336,1319093
54.376,1319118
54.416,1319115
54.454,1319123
54.495,1319131
54.534,1319156
54.575,1319150
54.611,1319164
54.653,1319137
54.689,1319169
54.724,1319180
54.765,1319172
54.8,1319224
54.835,1319216
54.87,1319240
54.911,1319254
54.946,1319240
54.982,1319262
55.022,1319259
55.061,1319218
55.101,1319248
55.141,1319199
55.18,1319199
55.221,1319205
55.259,1319207
55.301,1319243
55.339,1319275
55.38,1319259
55.418,1319284
55.453,1319273
55.494,1319262
55.53,1319292
55.572,1319303
55.607,1319286
55.642,1319256
55.677,1319229
55.717,1319245
55.752,1319265
55.788,1319213
55.828,1319202
55.867,1319197
55.908,1319189
55.946,1319194
55.988,1319213
56.026,1319218
56.067,1319243
56.105,1319232
56.146,1319248
56.185,1319259
56.225,1319259
56.264,1319273
56.304,1319300
56.343,1319305
56.384,1319300
56.424,1319281
56.464,1319289
56.504,1319313
56.543,1319332
56.583,1319343
56.621,1319322
56.662,1319322
56.699,1319335
56.734,1319354
56.775,1319338
56.809,1319322
56.844,1319349
56.879,1319371
56.919,1319371
56.954,1319387
56.99,1319346
57.031,1319327
57.07,1319324
57.11,1319335
57.149,1319322
57.19,1319300
57.229,1319294
57.269,1319297
57.308,1319316
57.348,1319335
57.388,1319352
57.428,1319357
57.468,1319346
57.507,1319365
57.548,1319392
57.587,1319392
57.627,1319395
57.666,1319322
57.707,1319333
57.745,1319338
57.785,1319333
57.823,1319327
57.865,1319373
57.903,1319379
57.937,1319362
57.978,1319373
58.014,1319395
58.048,1319406
58.083,1319401
58.125,1319390
58.159,1319425
58.194,1319401
58.236,1319362
58.272,1319409
58.307,1319422
58.349,1319477
58.384,1319482
58.426,1319477
58.465,1319498
58.506,1319496
58.546,1319485
58.586,1319501
58.626,1319498
58.665,1319425
58.706,1319417
58.743,1319411
58.777,1319406
58.812,1319390
58.852,1319390
58.886,1319422
58.923,1319439
58.963,1319411
59.002,1319430
59.043,1319411
59.08,1319390
59.123,1319390
59.159,1319392
59.202,1319390
59.238,1319354
59.28,1319354
59.317,1319365
59.352,1319398
59.394,1319384
59.429,1319414
59.471,1319428
59.51,1319436
59.549,1319441
59.59,1319474
59.628,1319458
59.669,1319436
59.708,1319406
59.749,1319409
59.787,1319379
59.828,1319370
59.866,1319376
59.901,1319357
59.936,1319259
59.977,1319281
60.011,1319303
60.046,1319308
60.088,1319330
60.124,1319289
60.166,1319284
60.203,1319284
60.245,1319295
60.282,1319363
60.324,1319342
60.361,1319299
60.403,1319324
60.439,1319292
60.481,1319350
60.518,1319366
60.56,1319317
60.597,1319339
60.64,1319314
60.676,1319282
60.718,1319251
60.755,1319159
60.797,1319129
60.834,1319043
60.876,1318908
60.912,1318830
60.954,1318648
60.991,1318505
61.033,1318391
61.07,1318272
61.112,1318151
61.149,1318016
61.191,1317867
61.228,1317777
61.269,1317681
61.306,1317595
61.349,1317517
61.385,1317438
61.42,1317359
61.462,1317301
61.497,1317225
61.531,1317185
61.573,1317114
61.608,1317048
61.642,1316990
61.683,1316913
61.718,1316840
61.753,1316779
61.795,1316687
61.829,1316639
61.868,1316568
61.906,1316520
61.947,1316451
61.985,1316385
62.027,1316350
62.064,1316332
62.105,1316254
62.143,1316236
62.185,1316193
62.223,1316134
62.257,1316099
62.298,1316099
62.334,1316072
62.376,1316044
62.413,1315964
62.448,1315942
62.482,1315921
62.524,1315874
62.558,1315871
62.601,1315818
62.635,1315716
62.672,1315701
62.713,1315669
62.752,1315683
62.792,1315683
62.832,1315641
62.872,1315627
62.911,1315607
62.951,1315615
62.991,1315655
63.031,1315641
63.071,1315661
63.109,1315592
63.15,1315595
63.188,1315567
63.222,1315564
63.263,1315559
63.298,1315542
63.332,1315506
63.367,1315480
63.409,1315440
63.444,1315471
63.479,1315443
63.52,1315471
63.558,1315425
63.598,1315435
63.638,1315432
63.678,1315419
63.718,1315419
63.757,1315394
63.798,1315379
63.837,1315394
63.876,1315394
63.916,1315419
63.956,1315402
63.996,1315344
64.036,1315344
64.075,1315356
64.116,1315344
64.152,1315306
64.194,1315275
64.232,1315264
64.267,1315282
64.308,1315257
64.343,1315264
64.385,1315273
64.423,1315252
64.465,1315257
64.502,1315278
64.536,1315250
64.571,1315209
64.613,1315174
64.647,1315158
64.682,1315171
64.724,1315149
64.76,1315123
64.795,1315128
64.837,1315123
64.872,1315133
64.907,1315174
64.949,1315125
64.984,1315115
65.026,1315108
65.061,1315123
65.096,1315143
65.136,1315121
65.171,1315105
65.206,1315105
65.248,1315121
65.282,1315168
65.324,1315161
65.359,1315158
65.401,1315146
65.437,1315139
65.472,1315166
65.513,1315146
65.548,1315161
65.583,1315120
65.618,1315100
65.66,1315130
65.694,1315097
65.73,1315097
65.771,1315105
65.81,1315069
65.851,1315072
65.89,1315044
65.93,1315012
65.971,1314996
66.01,1314984
66.051,1315001
66.089,1315021
66.13,1314988
66.167,1314994
66.202,1315012
66.237,1315029
66.279,1315034
66.314,1315055
66.349,1315016
66.391,1314999
66.425,1314966
66.464,1314971
66.501,1314988
66.543,1315003
66.581,1314999
66.616,1315013
66.657,1315019
66.693,1315040
66.727,1315093
66.762,1315069
66.803,1315072
66.837,1315057
66.873,1315034
66.914,1315022
66.953,1315024
66.994,1315014
67.033,1315014
67.074,1315006
67.113,1315040
67.152,1315034
67.193,1315041
67.232,1315019
67.273,1315012
67.31,1314978
67.352,1314973
67.389,1315006
67.431,1314993
67.468,1314956
67.502,1314943
67.543,1314938
67.578,1314953
67.613,1314968
67.648,1314996
67.689,1314968
67.724,1314932
67.766,1314938
67.801,1314938
67.843,1314956
67.879,1314922
67.914,1314922
67.955,1314907
67.99,1314876
68.024,1314902
68.059,1314915
68.101,1314900
68.135,1314928
68.17,1314889
68.212,1314913
68.249,1314928
68.29,1314932
68.328,1314930
68.369,1314900
68.408,1314907
68.449,1314895
68.488,1314879
68.529,1314879
68.567,1314879
68.607,1314846
68.647,1314818
68.685,1314821
68.727,1314839
68.765,1314823
68.806,1314831
68.845,1314813
68.886,1314861
68.925,1314857
68.966,1314857
69.004,1314894
69.046,1314907
69.084,1314917
69.125,1314902
69.162,1314892
69.197,1314885
69.238,1314859
69.273,1314854
69.307,1314876
69.342,1314874
69.382,1314904
69.416,1314900
69.453,1314897
69.492,1314889
69.533,1314917
69.571,1314932
69.605,1314943
69.646,1314932
69.682,1314913
69.717,1314882
69.751,1314882
69.794,1314874
69.828,1314874
69.863,1314859
69.906,1314859
69.941,1314859
69.976,1314844
70.018,1314823
70.053,1314814
70.095,1314823
70.13,1314811
70.164,1314901
70.205,1314915
70.24,1314926
70.275,1314880
70.31,1314910
70.352,1314967
70.386,1315018
70.421,1315070
70.463,1315127
70.499,1315176
70.541,1315282
70.578,1315355
70.62,1315502
70.657,1315619
70.699,1315739
70.735,1315836
70.777,1315945
70.814,1316084
70.856,1316195
70.893,1316296
70.935,1316423
70.972,1316540
71.014,1316622
71.05,1316752
71.093,1316842
71.129,1316907
71.172,1317005
71.208,1317024
71.243,1317098
71.285,1317155
71.32,1317217
71.362,1317310
71.4,1317342
71.441,1317391
71.481,1317465
71.52,1317519
71.561,1317579
71.598,1317609
71.64,1317663
71.676,1317682
71.717,1317736
71.755,1317758
71.789,1317801
71.823,1317829
71.866,1317848
71.901,1317886
71.936,1317913
71.978,1317899
72.014,1317923
72.049,1317902
72.091,1317940
72.125,1317964
72.168,1317983
72.207,1317972
72.246,1317964
72.286,1317975
72.325,1317997
72.366,1318024
72.405,1318059
72.446,1318051
72.485,1318078
72.526,1318073
72.562,1318119
72.597,1318127
72.632,1318141
72.673,1318176
72.708,1318244
72.743,1318241
72.785,1318222
72.823,1318212
72.863,1318239
72.902,1318258
72.943,1318309
72.982,1318337
73.022,1318358
73.061,1318282
73.101,1318290
73.141,1318326
73.181,1318364
73.221,1318372
73.261,1318337
73.3,1318320
73.339,1318309
73.381,1318345
73.419,1318405
73.461,1318421
73.498,1318426
73.539,1318418
73.577,1318410
73.612,1318473
73.655,1318524
73.689,1318535
73.731,1318494
73.767,1318508
73.801,1318497
73.836,1318513
73.877,1318511
73.912,1318516
73.948,1318486
73.989,1318459
74.028,1318459
74.068,1318448
74.108,1318410
74.146,1318410
74.188,1318410
74.226,1318399
74.268,1318424
74.306,1318464
74.341,1318435
74.382,1318459
74.418,1318511
74.46,1318527
74.495,1318560
74.53,1318571
74.565,1318600
74.605,1318590
74.639,1318562
74.676,1318592
74.713,1318598
74.755,1318576
74.792,1318606
74.827,1318573
74.868,1318576
74.904,1318570
74.938,1318622
74.973,1318619
75.014,1318636
75.049,1318647
75.084,1318633
75.125,1318592
75.163,1318628
75.204,1318644
75.243,1318687
75.284,1318620
75.323,1318598
75.364,1318581
75.403,1318568
75.443,1318568
75.483,1318609
75.523,1318598
75.563,1318552
75.602,1318530
75.643,1318573
75.681,1318609
75.722,1318619
75.76,1318600
75.802,1318617
75.839,1318573
75.874,1318579
75.909,1318595
75.95,1318557
75.985,1318532
76.02,1318549
76.062,1318549
76.096,1318551
76.134,1318549
76.173,1318579
76.215,1318600
76.252,1318592
76.294,1318603
76.331,1318628
76.373,1318628
76.411,1318630
76.446,1318644
76.487,1318666
76.523,1318668
76.557,1318660
76.592,1318685
76.633,1318714
76.668,1318725
76.71,1318720
76.745,1318717
76.787,1318728
76.822,1318712
76.857,1318717
76.898,1318715
76.933,1318720
76.968,1318723
77.003,1318725
77.044,1318731
77.078,1318742
77.114,1318731
77.155,1318725
77.194,1318714
77.234,1318725
77.274,1318734
77.314,1318728
77.355,1318704
77.394,1318695
77.435,1318704
77.473,1318771
77.514,1318793
77.55,1318820
77.585,1318804
77.627,1318788
77.662,1318785
77.697,1318780
77.731,1318785
77.772,1318782
77.807,1318725
77.844,1318706
77.883,1318682
77.924,1318690
77.963,1318717
78.004,1318720
78.043,1318758
78.084,1318766
78.122,1318777
78.164,1318788
78.201,1318785
78.242,1318788
78.28,1318804
78.314,1318793
78.355,1318783
78.39,1318763
78.425,1318758
78.46,1318772
78.501,1318777
78.536,1318807
78.572,1318801
78.612,1318777
78.652,1318807
78.69,1318842
78.731,1318837
78.769,1318831
78.803,1318820
78.838,1318804
78.879,1318788
78.914,1318818
78.949,1318834
78.991,1318839
79.025,1318831
79.065,1318861
79.102,1318869
79.144,1318856
79.181,1318878
79.216,1318853
79.257,1318869
79.293,1318894
79.327,1318845
79.362,1318840
79.403,1318821
79.437,1318815
79.473,1318810
79.513,1318793
79.553,1318850
79.593,1318821
79.632,1318796
79.672,1318850
79.712,1318834
79.75,1318848
79.791,1318861
79.828,1318851
79.862,1318880
79.903,1318810
79.938,1318804
79.973,1318810
80.008,1318764
80.048,1318777
80.083,1318766
80.12,1318734
80.16,1318755
80.2,1318763
80.239,1318812
80.28,1318812
80.318,1318766
80.359,1318793
80.396,1318807
80.431,1318788
80.466,1318826
80.507,1318834
80.542,1318842
80.584,1318804
80.619,1318789
80.654,1318814
80.696,1318767
80.731,1318697
80.772,1318630
80.807,1318525
80.849,1318408
80.885,1318224
80.92,1318109
80.962,1317982
80.996,1317833
81.031,1317696
81.066,1317567
81.107,1317444
81.142,1317335
81.178,1317218
81.218,1317138
81.258,1317069
81.297,1316994
81.338,1316939
81.376,1316880
81.418,1316825
81.455,1316767
81.497,1316683
81.535,1316621
81.569,1316578
81.61,1316513
81.646,1316451
81.681,1316347
81.716,1316254
81.757,1316187
81.792,1316139
81.827,1316100
81.867,1316058
81.906,1315975
81.945,1315893
81.986,1315841
82.025,1315819
82.066,1315799
82.105,1315789
82.146,1315764
82.183,1315735
82.225,1315712
82.263,1315722
82.305,1315717
82.343,1315690
82.378,1315662
82.419,1315632
82.455,1315590
82.489,1315562
82.524,1315557
82.565,1315527
82.6,1315487
82.635,1315477
82.677,1315465
82.714,1315428
82.756,1315416
82.793,1315407
82.835,1315368
82.872,1315348
82.914,1315343
82.95,1315341
82.993,1315345
83.029,1315328
83.07,1315342
83.108,1315316
83.149,1315278
83.188,1315296
83.229,1315264
83.268,1315233
83.308,1315191
83.347,1315158
83.388,1315151
83.427,1315133
83.467,1315126
83.506,1315119
83.545,1315087
83.587,1315039
83.624,1315042
83.666,1315027
83.703,1315024
83.738,1315009
83.779,1314984
83.814,1314991
83.848,1314991
83.883,1314999
83.925,1315064
83.959,1315007
83.995,1315016
84.034,1314999
84.075,1314962
84.114,1314977
84.156,1314977
84.194,1314947
84.235,1314945
84.271,1314922
84.306,1314959
84.347,1314949
84.383,1314937
84.417,1314977
84.452,1314969
84.494,1314945
84.528,1314969
84.563,1314955
84.604,1314887
84.642,1314859
84.684,1314865
84.722,1314849
84.763,1314832
84.802,1314820
84.843,1314813
84.882,1314810
84.922,1314795
84.962,1314815
85.001,1314817
85.042,1314781
85.081,1314765
85.122,1314761
85.16,1314736
85.202,1314708
85.239,1314694
85.273,1314666
85.314,1314698
85.35,1314684
85.385,1314693
85.42,1314698
85.46,1314698
85.495,1314691
85.531,1314691
85.57,1314658
85.611,1314665
85.65,1314633
85.69,1314636
85.729,1314656
85.77,1314681
85.808,1314649
85.85,1314653
85.886,1314643
85.921,1314651
85.962,1314675
85.998,1314666
86.033,1314671
86.068,1314630
86.109,1314601
86.143,1314616
86.185,1314606
86.22,1314640
86.259,1314643
86.296,1314608
86.337,1314618
86.375,1314562
86.409,1314549
86.45,1314566
86.486,1314536
86.521,1314544
86.555,1314529
86.597,1314511
86.632,1314479
86.667,1314479
86.707,1314536
86.746,1314578
86.786,1314566
86.826,1314568
86.865,1314543
86.906,1314526
86.944,1314516
86.986,1314533
87.023,1314514
87.065,1314497
87.102,1314487
87.137,1314479
87.178,1314456
87.213,1314469
87.247,1314436
87.29,1314419
87.324,1314401
87.359,1314389
87.402,1314387
87.437,1314372
87.474,1314355
87.512,1314379
87.554,1314350
87.591,1314347
87.633,1314357
87.67,1314367
87.712,1314372
87.75,1314355
87.784,1314323
87.826,1314310
87.861,1314320
87.895,1314330
87.93,1314340
87.971,1314362
88.006,1314362
88.042,1314345
88.083,1314340
88.122,1314362
88.161,1314367
88.202,1314334
88.24,1314342
88.282,1314350
88.319,1314323
88.354,1314315
88.395,1314323
88.43,1314355
88.465,1314343
88.5,1314327
88.541,1314347
88.576,1314355
88.611,1314330
88.653,1314312
88.691,1314314
88.733,1314305
88.77,1314314
88.812,1314320
88.849,1314322
88.89,1314327
88.929,1314304
88.97,1314310
89.009,1314320
89.05,1314300
89.088,1314292
89.129,1314245
89.168,1314235
89.209,1314237
89.249,1314198
89.287,1314217
89.329,1314223
89.366,1314225
89.408,1314235
89.445,1314240
89.487,1314243
89.525,1314224
89.56,1314205
89.601,1314227
89.637,1314207
89.671,1314195
89.706,1314172
89.746,1314158
89.781,1314170
89.818,1314182
89.856,1314208
89.898,1314230
89.936,1314225
89.978,1314215
90.016,1314220
90.05,1314233
90.092,1314237
90.128,1314200
90.162,1314207
90.197,1314190
90.238,1314203
90.273,1314182
90.309,1314207
90.35,1314215
90.389,1314220
90.428,1314213
90.469,1314278
90.507,1314230
90.548,1314245
90.586,1314208
90.627,1314238
90.665,1314278
90.706,1314295
90.745,1314338
90.786,1314463
90.824,1314539
90.866,1314675
90.904,1314778
90.944,1314930
90.982,1315053
91.024,1315178
91.062,1315297
91.096,1315460
91.137,1315547
91.173,1315585
91.207,1315667
91.242,1315784
91.284,1315893
91.318,1316009
91.353,1316037
91.395,1316121
91.432,1316110
91.474,1316170
91.513,1316251
91.554,1316344
91.592,1316411
91.632,1316436
91.672,1316471
91.711,1316558
91.751,1316642
91.79,1316740
91.831,1316773
91.869,1316863
91.911,1316901
91.948,1316917
91.99,1316928
92.028,1316936
92.062,1316947
92.103,1316974
92.139,1317020
92.174,1317064
92.209,1317055
92.249,1317080
92.283,1317080
92.32,1317153
92.36,1317219
92.399,1317267
92.44,1317286
92.479,1317267
92.518,1317284
92.558,1317327
92.598,1317314
92.638,1317338
92.677,1317360
92.718,1317352
92.754,1317395
92.796,1317376
92.833,1317417
92.868,1317423
92.909,1317436
92.944,1317477
92.978,1317485
93.013,1317463
93.055,1317520
93.09,1317477
93.132,1317504
93.167,1317504
93.209,1317536
93.246,1317558
93.281,1317553
93.321,1317566
93.357,1317583
93.399,1317531
93.437,1317577
93.471,1317610
93.506,1317621
93.549,1317632
93.583,1317602
93.618,1317605
93.659,1317645
93.697,1317670
93.739,1317705
93.776,1317705
93.817,1317694
93.855,1317716
93.897,1317730
93.934,1317765
93.976,1317798
94.013,1317798
94.055,1317792
94.091,1317779
94.134,1317768
94.17,1317795
94.205,1317803
94.247,1317768
94.282,1317784
94.325,1317803
94.364,1317784
94.405,1317795
94.445,1317838
94.484,1317849
94.526,1317814
94.562,1317806
94.604,1317836
94.641,1317841
94.675,1317857
94.71,1317871
94.751,1317882
94.786,1317855
94.821,1317855
94.863,1317871
94.899,1317904
94.933,1317890
94.975,1317936
95.01,1317914
95.052,1317925
95.092,1317925
95.131,1317917
95.171,1317928
95.21,1317958
95.251,1317928
95.29,1317942
95.324,1317920
95.359,1317909
95.401,1317914
95.435,1317895
95.47,1317901
95.512,1317873
95.548,1317868
95.59,1317860
95.627,1317920
95.667,1317865
95.706,1317868
95.747,1317882
95.785,1317890
95.826,1317950
95.864,1317996
95.904,1317971
95.944,1317996
95.982,1317942
96.023,1317955
96.061,1317966
96.104,1317952
96.141,1317974
96.176,1317920
96.217,1317901
96.252,1317939
96.287,1317969
96.329,1317993
96.364,1318001
96.399,1318026
96.44,1318026
96.475,1318020
96.517,1318026
96.552,1318007
96.59,1318012
96.627,1317966
96.669,1317931
96.706,1317928
96.74,1317876
96.781,1317906
96.816,1317952
96.851,1317952
96.886,1317955
96.928,1317942
96.963,1317977
96.998,1318007
97.038,1318012
97.079,1318034
97.116,1318053
97.158,1318001
97.196,1318023
97.238,1318023
97.275,1318020
97.317,1318026
97.354,1318001
97.388,1317996
97.429,1318045
97.465,1317985
97.499,1318010
97.534,1317983
97.576,1317999
97.611,1318004
97.646,1318010
97.688,1318018
97.726,1318026
97.767,1317955
97.805,1317982
97.846,1317947
97.884,1317958
97.926,1317988
97.964,1317985
98.005,1317950
98.043,1317939
98.085,1317936
98.122,1317977
98.163,1318001
98.201,1318007
98.242,1318001
98.281,1317990
98.321,1317990
98.361,1318009
98.4,1318042
98.441,1318042
98.479,1318053
98.521,1318018
98.559,1318042
98.602,1318042
98.639,1318012
98.674,1318007
98.717,1318007
98.752,1317993
98.794,1317982
98.829,1317974
98.863,1317993
98.898,1317985
98.938,1318007
98.973,1318012
99.011,1318047
99.049,1318028
99.091,1318023
99.128,1318047
99.162,1318039
99.203,1318015
99.238,1318023
99.273,1318023
99.308,1318075
99.348,1318034
99.383,1318028
99.421,1318053
99.46,1318067
99.501,1318053
99.539,1318058
99.581,1318064
99.618,1318099
99.653,1318053
99.694,1318050
99.73,1318056
99.765,1318036
99.8,1318026
99.841,1318026
99.875,1318015
99.911,1318026
99.951,1317988
99.991,1318017
100.031,1318050
100.071,1318091
100.111,1318113
100.15,1318110
100.19,1318118
100.23,1318156
100.269,1318200
100.31,1318186
100.347,1318165
100.389,1318165
100.427,1318114
100.469,1318085
100.506,1318073
100.541,1318082
100.582,1318071
100.618,1317987
100.653,1318011
100.688,1318001
100.729,1317979
100.764,1317967
100.799,1317948
100.839,1317897
100.878,1317817
100.919,1317731
100.958,1317654
100.998,1317526
101.038,1317432
101.078,1317312
101.119,1317216
101.158,1317083
101.199,1316955
101.238,1316853
101.278,1316751
101.316,1316655
101.358,1316581
101.396,1316498
101.438,1316390
101.475,1316291
101.51,1316214
101.551,1316169
101.586,1316146
101.62,1316055
101.655,1316014
101.697,1315947
101.732,1315848
101.767,1315810
101.809,1315723
101.845,1315656
101.886,1315590
101.924,1315532
101.964,1315521
102.004,1315492
102.043,1315458
102.083,1315448
102.121,1315431
102.163,1315446
102.2,1315426
102.235,1315417
102.276,1315347
102.312,1315301
102.353,1315239
102.391,1315198
102.426,1315186
102.46,1315130
102.503,1315082
102.537,1315075
102.572,1315053
102.614,1315025
102.65,1315003
102.692,1314957
102.729,1314938
102.771,1314904
102.808,1314882
102.85,1314897
102.887,1314851
102.929,1314801
102.966,1314801
103.006,1314764
103.045,1314794
103.086,1314803
103.125,1314770
103.165,1314770
103.205,1314740
103.243,1314746
103.285,1314746
103.323,1314687
103.365,1314680
103.402,1314659
103.443,1314630
103.481,1314601
103.516,1314575
103.557,1314569
103.592,1314560
103.627,1314560
103.662,1314558
103.703,1314543
103.738,1314516
103.773,1314502
103.814,1314509
103.853,1314512
103.892,1314480
103.933,1314468
103.971,1314452
104.012,1314475
104.051,1314468
104.092,1314452
104.128,1314418
104.17,1314404
104.208,1314377
104.242,1314372
104.283,1314345
104.319,1314324
104.353,1314320
104.388,1314343
104.428,1314365
104.463,1314370
104.5,1314363
104.54,1314367
104.58,1314363
104.619,1314367
104.66,1314365
104.699,1314360
104.739,1314362
104.777,1314336
104.818,1314320
104.855,1314327
104.897,1314321
104.935,1314321
104.969,1314304
105.01,1314304
105.046,1314293
105.08,1314230
105.115,1314227
105.156,1314227
105.19,1314220
105.226,1314220
105.267,1314201
105.306,1314201
105.346,1314187
105.385,1314163
105.425,1314184
105.464,1314191
105.504,1314189
105.544,1314134
105.584,1314083
105.624,1314073
105.664,1314071
105.703,1314097
105.743,1314107
105.782,1314090
105.822,1314073
105.862,1314066
105.902,1314071
105.943,1314079
105.981,1314088
106.022,1314122
106.061,1314083
106.102,1314064
106.14,1314066
106.182,1314064
106.219,1314062
106.261,1314080
106.297,1314110
106.332,1314124
106.373,1314069
106.408,1314054
106.443,1314042
106.478,1314042
106.52,1314042
106.555,1314030
106.59,1314045
106.63,1314045
106.67,1313963
106.71,1313946
106.75,1313951
106.788,1313948
106.83,1313953
106.868,1313941
106.91,1313941
106.947,1313931
106.989,1313909
107.027,1313941
107.061,1313968
107.102,1313989
107.137,1313982
107.172,1313963
107.207,1313951
107.247,1313931
107.281,1313939
107.318,1313943
107.358,1313948
107.398,1313948
107.438,1313931
107.48,1313936
107.518,1313939
107.553,1313922
107.594,1313912
107.628,1313891
107.663,1313876
107.698,1313871
107.739,1313825
107.774,1313815
107.81,1313821
107.85,1313823
107.89,1313832
107.93,1313849
107.969,1313835
108.009,1313830
108.049,1313808
108.088,1313854
108.129,1313830
108.166,1313835
108.208,1313832
108.245,1313830
108.28,1313821
108.321,1313818
108.356,1313818
108.391,1313845
108.426,1313818
108.466,1313828
108.501,1313823
108.538,1313823
108.576,1313763
108.617,1313746
108.655,1313765
108.697,1313780
108.734,1313758
108.776,1313770
108.814,1313768
108.855,1313763
108.893,1313698
108.934,1313744
108.973,1313748
109.007,1313731
109.048,1313710
109.084,1313714
109.119,1313688
109.153,1313691
109.194,1313643
109.229,1313688
109.264,1313700
109.306,1313681
109.344,1313676
109.384,1313691
109.423,1313683
109.463,1313669
109.503,1313633
109.542,1313645
109.583,1313645
109.621,1313640
109.663,1313660
109.7,1313660
109.734,1313647
109.775,1313652
109.81,1313667
109.845,1313688
109.88,1313700
109.921,1313674
109.956,1313679
109.993,1313676
110.032,1313676
110.072,1313662
110.112,1313662
110.152,1313664
110.192,1313652
110.232,1313630
110.27,1313655
110.312,1313628
110.349,1313645
110.384,1313640
110.426,1313654
110.461,1313683
110.503,1313676
110.538,1313681
110.573,1313657
110.615,1313609
110.65,1313639
110.685,1313644
110.727,1313690
110.762,1313736
110.799,1313755
110.839,1313834
110.878,1313899
110.917,1314054
110.958,1314207
110.996,1314329
111.038,1314381
111.075,1314484
111.11,1314587
111.151,1314691
111.186,1314802
111.221,1314946
111.256,1315030
111.296,1315136
111.33,1315158
111.368,1315286
111.407,1315375
111.448,1315454
111.485,1315514
111.527,1315566
111.565,1315633
111.6,1315715
111.641,1315767
111.676,1315875
111.71,1315965
111.745,1315995
111.787,1316025
111.822,1316074
111.858,1316139
111.899,1316191
111.938,1316231
111.978,1316278
112.018,1316318
112.056,1316365
112.098,1316427
112.134,1316492
112.169,1316571
112.211,1316593
112.245,1316563
112.28,1316579
112.322,1316607
112.357,1316628
112.392,1316636
112.434,1316620
112.469,1316609
112.512,1316612
112.546,1316658
112.585,1316694
112.623,1316723
112.665,1316732
112.702,1316761
112.737,1316789
112.778,1316824
112.814,1316865
112.856,1316873
112.894,1316843
112.928,1316889
112.963,1316878
113.003,1316905
113.039,1316951
113.075,1316968
113.114,1317011
113.155,1317049
113.193,1317079
113.235,1317120
113.272,1317114
113.314,1317141
113.351,1317163
113.392,1317144
113.429,1317112
113.47,1317093
113.509,1317098
113.543,1317052
113.584,1317098
113.619,1317104
113.654,1317117
113.689,1317101
113.731,1317087
113.765,1317109
113.8,1317142
113.843,1317144
113.877,1317215
113.912,1317199
113.954,1317234
113.989,1317247
114.031,1317253
114.066,1317261
114.1,1317291
114.142,1317266
114.177,1317258
114.211,1317264
114.246,1317275
114.286,1317261
114.321,1317250
114.358,1317258
114.397,1317310
114.437,1317315
114.477,1317351
114.517,1317354
114.555,1317354
114.597,1317359
114.634,1317364
114.676,1317367
114.714,1317367
114.756,1317324
114.794,1317340
114.829,1317327
114.869,1317329
114.906,1317324
114.94,1317313
114.975,1317335
115.017,1317335
115.052,1317343
115.087,1317364
115.128,1317340
115.165,1317329
115.207,1317316
115.243,1317302
115.286,1317313
115.322,1317321
115.357,1317313
115.398,1317373
115.433,1317405
115.468,1317400
115.51,1317427
115.545,1317446
115.587,1317454
115.621,1317438
115.663,1317378
115.698,1317397
115.733,1317392
115.774,1317359
115.808,1317348
115.843,1317307
115.884,1317277
115.919,1317294
115.961,1317305
115.996,1317326
116.03,1317318
116.072,1317294
116.107,1317253
116.142,1317288
116.176,1317321
116.218,1317351
116.252,1317348
116.287,1317318
116.33,1317340
116.365,1317353
116.399,1317329
116.441,1317334
116.476,1317305
116.518,1317310
116.553,1317280
116.588,1317291
116.629,1317321
116.664,1317354
116.699,1317359
116.734,1317326
116.774,1317367
116.808,1317402
116.844,1317408
116.885,1317438
116.924,1317392
116.965,1317408
117.004,1317392
117.044,1317381
117.082,1317419
117.124,1317427
117.162,1317411
117.203,1317424
117.242,1317405
117.283,1317413
117.321,1317397
117.362,1317386
117.401,1317400
117.441,1317392
117.481,1317348
117.521,1317326
117.559,1317296
117.601,1317324
117.639,1317337
117.68,1317340
117.719,1317318
117.758,1317318
117.799,1317337
117.837,1317321
117.877,1317359
117.917,1317370
117.957,1317351
117.997,1317362
118.037,1317324
118.074,1317335
118.115,1317343
118.153,1317310
118.187,1317389
118.228,1317392
118.264,1317375
118.299,1317397
118.333,1317397
118.374,1317419
118.409,1317441
118.444,1317427
118.485,1317457
118.522,1317430
118.564,1317389
118.601,1317394
118.644,1317394
118.679,1317367
118.722,1317386
118.758,1317381
118.793,1317408
118.835,1317383
118.87,1317335
118.911,1317356
118.95,1317383
118.99,1317340
119.031,1317332
119.069,1317337
119.11,1317313
119.149,1317345
119.191,1317345
119.228,1317383
119.27,1317378
119.306,1317367
119.341,1317381
119.376,1317419
119.417,1317413
119.451,1317438
119.493,1317392
119.529,1317438
119.57,1317454
119.608,1317457
119.642,1317441
119.683,1317454
119.718,1317411
119.752,1317405
119.787,1317405
119.829,1317405
119.864,1317381
119.899,1317348
119.937,1317348
119.976,1317359
120.017,1317364
120.055,1317416
120.096,1317419
120.135,1317394
120.175,1317362
120.213,1317328
120.254,1317331
120.292,1317338
120.334,1317311
120.37,1317306
120.405,1317308
120.447,1317264
120.482,1317264
120.525,1317235
120.563,1317264
120.604,1317291
120.645,1317281
120.684,1317287
120.724,1317291
120.764,1317267
120.805,1317262
120.843,1317205
120.884,1317174
120.922,1317102
120.963,1317007
121.001,1316924
121.035,1316821
121.07,1316708
121.111,1316558
121.146,1316462
121.181,1316376
121.221,1316264
121.259,1316143
121.3,1316022
121.339,1315902
121.38,1315817
121.418,1315706
121.459,1315659
121.497,1315552
121.538,1315454
121.577,1315382
121.617,1315343
121.657,1315328
121.697,1315267
121.736,1315198
121.776,1315147
121.815,1315051
121.856,1314982
121.894,1314918
121.935,1314889
121.977,1314815
122.015,1314771
122.05,1314729
122.091,1314705
122.125,1314651
122.16,1314624
122.195,1314595
122.236,1314543
122.271,1314467
122.306,1314431
122.348,1314352
122.384,1314315
122.427,1314251
122.463,1314195
122.506,1314178
122.542,1314172
122.577,1314160
122.619,1314170
122.654,1314118
122.695,1314062
122.734,1314052
122.775,1314040
122.816,1314040
122.855,1314025
122.895,1313988
122.935,1313978
122.976,1313974
123.015,1313956
123.056,1313952
123.093,1313902
123.134,1313841
123.171,1313841
123.206,1313832
123.241,1313789
123.283,1313748
123.317,1313696
123.352,1313719
123.392,1313719
123.431,1313726
123.472,1313772
123.511,1313795
123.552,1313748
123.591,1313770
123.631,1313775
123.67,1313762
123.711,1313711
123.75,1313704
123.789,1313669
123.83,1313659
123.869,1313659
123.909,1313662
123.948,1313658
123.988,1313658
124.026,1313665
124.068,1313682
124.104,1313658
124.139,1313655
124.18,1313649
124.216,1313613
124.251,1313625
124.285,1313631
124.327,1313621
124.361,1313601
124.396,1313631
124.438,1313611
124.475,1313628
124.517,1313589
124.554,1313552
124.596,1313537
124.633,1313500
124.675,1313505
124.711,1313518
124.754,1313488
124.79,1313498
124.825,1313466
124.867,1313491
124.902,1313491
124.944,1313468
124.983,1313478
125.024,1313491
125.064,1313476
125.104,1313481
125.145,1313495
125.183,1313495
125.225,1313461
125.261,1313461
125.302,1313459
125.34,1313459
125.382,1313442
125.419,1313468
125.454,1313456
125.488,1313402
125.531,1313402
125.565,1313405
125.6,1313412
125.642,1313419
125.677,1313399
125.712,1313399
125.754,1313348
125.789,1313333
125.831,1313378
125.866,1313388
125.901,1313392
125.943,1313389
125.978,1313389
126.012,1313415
126.055,1313380
126.09,1313409
126.132,1313409
126.166,1313426
126.201,1313417
126.243,1313392
126.277,1313358
126.314,1313379
126.354,1313351
126.394,1313370
126.432,1313365
126.473,1313375
126.511,1313345
126.552,1313338
126.59,1313355
126.625,1313378
126.666,1313353
126.701,1313375
126.736,1313355
126.771,1313345
126.812,1313326
126.847,1313333
126.882,1313335
126.924,1313348
126.959,1313335
126.994,1313311
127.036,1313272
127.071,1313269
127.114,1313249
127.151,1313240
127.193,1313231
127.232,1313215
127.272,1313191
127.313,1313186
127.35,1313149
127.391,1313156
127.429,1313184
127.463,1313176
127.497,1313193
127.539,1313213
127.574,1313191
127.609,1313186
127.651,1313154
127.688,1313188
127.73,1313198
127.766,1313156
127.801,1313169
127.843,1313129
127.878,1313065
127.912,1313105
127.955,1313088
127.989,1313112
128.032,1313122
128.067,1313100
128.101,1313125
128.143,1313059
128.177,1313049
128.212,1313066
128.254,1313058
128.289,1313054
128.327,1313024
128.365,1312999
128.407,1312999
128.445,1312975
128.479,1313014
128.514,1313024
128.556,1313051
128.59,1313031
128.625,1313046
128.666,1313065
128.7,1313063
128.74,1313046
128.776,1313049
128.818,1313058
128.855,1313081
128.889,1313049
128.93,1313036
128.966,1313026
129.001,1313036
129.036,1313007
129.076,1313019
129.111,1313044
129.147,1313015
129.186,1312988
129.226,1312982
129.266,1312982
129.306,1313005
129.346,1312989
129.386,1313024
129.425,1313019
129.466,1312962
129.503,1312982
129.545,1312988
129.582,1313002
129.617,1312982
129.658,1312982
129.693,1312985
129.728,1312958
129.762,1312970
129.803,1313012
129.838,1313029
129.874,1313034
129.914,1313024
129.953,1313041
129.993,1313056
130.032,1313012
130.073,1313023
130.112,1313025
130.152,1313028
130.192,1313055
130.232,1313044
130.272,1313028
130.311,1313031
130.352,1313025
130.39,1313044
130.431,1313061
130.468,1313071
130.503,1313055
130.544,1313020
130.579,1312998
130.613,1313025
130.648,1313101
130.69,1313055
130.725,1313123
130.767,1313202
130.802,1313256
130.844,1313406
130.879,1313498
130.913,1313648
130.955,1313792
130.991,1313895
131.025,1314072
131.059,1314221
131.102,1314308
131.136,1314419
131.171,1314460
131.212,1314539
131.249,1314642
131.292,1314729
131.328,1314835
131.369,1314939
131.407,1314985
131.447,1315064
131.486,1315164
131.524,1315262
131.566,1315368
131.604,1315390
131.638,1315412
131.679,1315431
131.716,1315458
131.758,1315490
131.795,1315564
131.829,1315591
131.864,1315572
131.906,1315599
131.94,1315661
131.981,1315724
132.017,1315740
132.059,1315756
132.096,1315792
132.131,1315795
132.172,1315833
132.208,1315920
132.243,1315939
132.277,1315982
132.32,1316012
132.354,1316042
132.389,1316066
132.43,1316113
132.467,1316148
132.509,1316099
132.546,1316080
132.588,1316126
132.625,1316137
132.666,1316159
132.703,1316194
132.745,1316218
132.782,1316229
132.824,1316232
132.866,1316308
132.903,1316368
132.938,1316382
132.979,1316382
133.014,1316360
133.049,1316330
133.083,1316354
133.125,1316379
133.16,1316379
133.196,1316401
133.235,1316430
133.275,1316439
133.315,1316477
133.355,1316501
133.395,1316558
133.435,1316528
133.473,1316539
133.515,1316577
133.553,1316564
133.595,1316550
133.632,1316550
133.673,1316528
133.71,1316545
133.745,1316539
133.786,1316591
133.821,1316585
133.855,1316566
133.89,1316594
133.931,1316599
133.965,1316599
134.002,1316599
134.042,1316615
134.082,1316618
134.121,1316594
134.162,1316594
134.201,1316604
134.242,1316596
134.281,1316575
134.321,1316545
134.361,1316561
134.401,1316561
134.438,1316512
134.48,1316542
134.517,1316515
134.552,1316515
134.593,1316523
134.627,1316515
134.662,1316585
134.702,1316607
134.737,1316626
134.772,1316691
134.814,1316670
134.848,1316686
134.888,1316683
134.925,1316664
134.966,1316686
135.002,1316659
135.037,1316648
135.078,1316577
135.114,1316575
135.148,1316615
135.183,1316626
135.225,1316645
135.259,1316662
135.294,1316675
135.336,1316689
135.372,1316708
135.407,1316754
135.449,1316768
135.484,1316732
135.518,1316773
135.56,1316779
135.594,1316757
135.637,1316743
135.671,1316740
135.706,1316689
135.749,1316702
135.783,1316689
135.818,1316694
135.859,1316648
135.894,1316632
135.933,1316653
135.971,1316675
136.013,1316662
136.05,1316700
136.091,1316697
136.129,1316692
136.164,1316719
136.205,1316741
136.239,1316719
136.274,1316738
136.309,1316738
136.351,1316751
136.386,1316776
136.422,1316743
136.463,1316757
136.5,1316754
136.542,1316778
136.58,1316778
136.62,1316767
136.66,1316743
136.7,1316724
136.74,1316694
136.778,1316716
136.819,1316743
136.857,1316749
136.891,1316686
136.932,1316743
136.968,1316732
137.002,1316738
137.037,1316759
137.08,1316759
137.115,1316787
137.157,1316765
137.192,1316776
137.228,1316781
137.268,1316781
137.307,1316803
137.347,1316844
137.387,1316833
137.426,1316833
137.467,1316825
137.505,1316811
137.547,1316765
137.585,1316798
137.619,1316803
137.66,1316779
137.695,1316757
137.73,1316781
137.764,1316792
137.804,1316798
137.838,1316817
137.875,1316874
137.915,1316898
137.955,1316871
137.993,1316876
138.035,1316865
138.072,1316871
138.107,1316844
138.148,1316844
138.184,1316833
138.218,1316787
138.253,1316784
138.295,1316789
138.33,1316781
138.365,1316776
138.407,1316746
138.444,1316757
138.485,1316746
138.522,1316732
138.565,1316743
138.601,1316746
138.644,1316740
138.68,1316768
138.715,1316724
138.757,1316724
138.792,1316719
138.834,1316697
138.873,1316719
138.913,1316749
138.953,1316743
138.992,1316754
139.033,1316770
139.07,1316789
139.105,1316784
139.14,1316787
139.181,1316800
139.216,1316798
139.251,1316781
139.292,1316743
139.329,1316735
139.372,1316683
139.408,1316741
139.451,1316776
139.486,1316808
139.521,1316822
139.563,1316803
139.598,1316806
139.64,1316871
139.679,1316855
139.72,1316909
139.761,1316901
139.799,1316874
139.841,1316885
139.878,1316863
139.919,1316879
139.956,1316882
139.99,1316841
140.025,1316898
140.067,1316885
140.102,1316865
140.136,1316887
140.177,1316863
140.215,1316860
140.257,1316874
140.295,1316857
140.337,1316887
140.375,1316836
140.417,1316702
140.455,1316759
140.494,1316806
140.535,1316844
140.569,1316912
140.611,1316882
140.653,1316909
140.694,1316898
140.733,1316865
140.767,1316969
140.808,1316871
140.843,1316784
140.878,1316717
140.913,1316597
140.955,1316480
140.99,1316336
141.024,1316199
141.066,1316100
141.103,1315973
141.145,1315879
141.181,1315752
141.224,1315604
141.26,1315507
141.295,1315429
141.337,1315356
141.371,1315260
141.406,1315179
141.448,1315112
141.482,1315013
141.517,1314922
141.56,1314862
141.594,1314774
141.629,1314701
141.67,1314634
141.705,1314571
141.74,1314521
141.779,1314456
141.82,1314367
141.858,1314351
141.9,1314310
141.938,1314282
141.979,1314240
142.018,1314152
142.059,1314106
142.096,1314071
142.138,1314025
142.175,1314041
142.216,1313987
142.254,1313952
142.289,1313907
142.329,1313868
142.364,1313890
142.399,1313881
142.433,1313852
142.475,1313837
142.51,1313791
142.544,1313775
142.587,1313753
142.622,1313748
142.664,1313748
142.7,1313734
142.743,1313729
142.779,1313729
142.822,1313678
142.857,1313662
142.892,1313638
142.934,1313624
142.969,1313617
143.011,1313610
143.049,1313558
143.09,1313595
143.13,1313568
143.168,1313554
143.202,1313559
143.237,1313549
143.278,1313518
143.313,1313474
143.348,1313456
143.39,1313439
143.425,1313376
143.46,1313371
143.502,1313367
143.537,1313347
143.578,1313343
143.613,1313343
143.648,1313347
143.689,1313343
143.725,1313396
143.759,1313336
143.794,1313294
143.837,1313311
143.871,1313297
143.906,1313270
143.947,1313256
143.984,1313247
144.018,1313266
144.06,1313216
144.095,1313235
144.13,1313259
144.172,1313252
144.206,1313247
144.249,1313242
144.284,1313220
144.318,1313235
144.361,1313189
144.395,1313177
144.43,1313179
144.472,1313172
144.507,1313132
144.543,1313139
144.583,1313150
144.623,1313160
144.661,1313134
144.702,1313146
144.74,1313172
144.782,1313177
144.819,1313136
144.861,1313143
144.897,1313119
144.931,1313119
144.972,1313112
145.008,1313119
145.042,1313134
145.077,1313143
145.118,1313105
145.152,1313105
145.187,1313103
145.229,1313103
145.265,1313074
145.299,1313062
145.341,1313055
145.376,1313055
145.417,1313023
145.456,1313038
145.496,1313023
145.536,1313040
145.576,1313019
145.616,1313016
145.656,1313016
145.696,1313016
145.735,1312964
145.775,1312949
145.814,1312942
145.854,1312975
145.889,1312930
145.925,1312959
145.96,1312956
145.994,1312956
146.037,1312937
146.072,1312949
146.106,1312945
146.148,1312945
146.183,1312899
146.226,1312901
146.26,1312870
146.302,1312868
146.337,1312865
146.372,1312865
146.414,1312856
146.448,1312841
146.483,1312837
146.525,1312868
146.559,1312880
146.594,1312880
146.636,1312872
146.67,1312861
146.709,1312847
146.746,1312847
146.788,1312861
146.825,1312882
146.867,1312827
146.904,1312815
146.939,1312805
146.979,1312810
147.015,1312815
147.049,1312820
147.084,1312830
147.126,1312824
147.161,1312794
147.195,1312803
147.238,1312791
147.273,1312779
147.308,1312781
147.349,1312745
147.384,1312714
147.426,1312688
147.464,1312678
147.504,1312666
147.545,1312721
147.584,1312697
147.624,1312719
147.663,1312703
147.703,1312707
147.743,1312721
147.784,1312697
147.822,1312671
147.862,1312685
147.902,1312644
147.942,1312695
147.981,1312683
148.022,1312664
148.061,1312664
148.102,1312647
148.141,1312651
148.181,1312651
148.221,1312627
148.261,1312613
148.298,1312574
148.34,1312567
148.378,1312574
148.413,1312608
148.447,1312601
148.487,1312620
148.522,1312627
148.562,1312630
148.597,1312620
148.639,1312598
148.677,1312587
148.712,1312570
148.753,1312541
148.789,1312560
148.823,1312551
148.858,1312558
148.9,1312551
148.935,1312563
148.97,1312584
149.012,1312567
149.047,1312597
149.082,1312592
149.124,1312546
149.159,1312522
149.194,1312493
149.236,1312486
149.271,1312493
149.313,1312500
149.348,1312527
149.383,1312517
149.423,1312513
149.458,1312517
149.492,1312522
149.534,1312537
149.569,1312553
149.61,1312544
149.645,1312551
149.686,1312551
149.724,1312556
149.758,1312524
149.799,1312539
149.834,1312522
149.868,1312527
149.903,1312522
149.944,1312507
149.979,1312484
150.014,1312457
150.055,1312412
150.093,1312458
150.134,1312466
150.173,1312485
150.213,1312509
150.253,1312528
150.292,1312520
150.332,1312526
150.372,1312567
150.411,1312610
150.45,1312567
150.491,1312575
150.529,1312569
150.571,1312583
150.609,1312615
150.644,1312686
150.685,1312738
150.721,1312757
150.755,1312838
150.79,1312996
150.832,1313091
150.867,1313246
150.902,1313327
150.944,1313414
150.979,1313553
151.022,1313681
151.058,1313833
151.1,1313933
151.137,1314007
151.18,1314115
151.222,1314172
151.26,1314276
151.294,1314393
151.335,1314450
151.371,1314548
151.406,1314605
151.44,1314678
151.483,1314770
151.517,1314836
151.56,1314931
151.594,1314944
151.632,1314969
151.669,1315031
151.711,1315069
151.749,1315124
151.784,1315192
151.824,1315227
151.859,1315270
151.894,1315260
151.929,1315327
151.97,1315357
152.005,1315385
152.04,1315395
152.081,1315406
152.117,1315417
152.152,1315453
152.194,1315431
152.229,1315512
152.272,1315550
152.31,1315542
152.352,1315526
152.392,1315550
152.432,1315580
152.472,1315618
152.509,1315607
152.551,1315662
152.589,1315684
152.63,1315708
152.667,1315765
152.709,1315781
152.746,1315806
152.781,1315863
152.815,1315844
152.856,1315866
152.891,1315912
152.927,1315912
152.967,1315912
153.007,1315893
153.047,1315901
153.086,1315904
153.125,1315874
153.166,1315863
153.204,1315890
153.246,1315863
153.283,1315852
153.317,1315871
153.352,1315909
153.393,1315953
153.428,1315985
153.463,1315985
153.505,1316007
153.54,1315996
153.578,1316002
153.616,1315975
153.657,1315950
153.694,1315923
153.728,1315936
153.769,1315909
153.805,1315915
153.84,1315915
153.874,1315934
153.917,1315917
153.951,1315980
153.986,1316004
154.028,1316032
154.065,1316043
154.107,1316026
154.144,1316042
154.185,1316067
154.224,1316061
154.264,1316083
154.303,1316040
154.343,1316056
154.383,1316080
154.422,1316080
154.463,1316124
154.502,1316143
154.543,1316165
154.582,1316165
154.623,1316184
154.661,1316211
154.702,1316252
154.74,1316208
154.781,1316173
154.818,1316186
154.853,1316181
154.894,1316176
154.93,1316170
154.964,1316165
154.999,1316181
155.041,1316129
155.076,1316149
155.111,1316195
155.152,1316192
155.189,1316181
155.232,1316162
155.268,1316178
155.31,1316205
155.347,1316219
155.388,1316213
155.426,1316203
155.468,1316192
155.505,1316186
155.547,1316197
155.583,1316184
155.626,1316192
155.662,1316181
155.704,1316138
155.741,1316154
155.783,1316165
155.82,1316170
155.861,1316184
155.898,1316157
155.94,1316195
155.977,1316230
156.019,1316227
156.056,1316262
156.098,1316273
156.135,1316292
156.177,1316276
156.214,1316249
156.255,1316281
156.293,1316284
156.335,1316249
156.372,1316224
156.415,1316249
156.451,1316263
156.492,1316252
156.529,1316273
156.571,1316298
156.608,1316298
156.651,1316320
156.687,1316276
156.729,1316287
156.766,1316246
156.808,1316214
156.844,1316241
156.879,1316214
156.921,1316216
156.956,1316222
156.998,1316175
157.037,1316200
157.078,1316192
157.119,1316200
157.158,1316203
157.198,1316213
157.238,1316235
157.279,1316235
157.318,1316189
157.358,1316203
157.398,1316243
157.438,1316279
157.475,1316276
157.516,1316268
157.554,1316246
157.595,1316260
157.634,1316238
157.668,1316290
157.703,1316303
157.745,1316249
157.78,1316254
157.822,1316276
157.857,1316295
157.893,1316306
157.933,1316276
157.973,1316270
158.012,1316273
158.053,1316254
158.091,1316289
158.132,1316289
158.171,1316287
158.211,1316276
158.248,1316260
158.289,1316287
158.327,1316292
158.362,1316279
158.403,1316265
158.439,1316271
158.473,1316243
158.508,1316219
158.549,1316241
158.583,1316252
158.619,1316238
158.659,1316257
158.699,1316238
158.739,1316268
158.779,1316252
158.818,1316211
158.859,1316219
158.897,1316203
158.938,1316213
158.976,1316205
159.01,1316170
159.051,1316184
159.087,1316173
159.121,1316189
159.156,1316251
159.197,1316270
159.232,1316287
159.267,1316300
159.308,1316295
159.344,1316328
159.379,1316344
159.421,1316327
159.456,1316333
159.498,1316328
159.536,1316319
159.577,1316325
159.617,1316268
159.656,1316289
159.698,1316300
159.735,1316289
159.776,1316314
159.814,1316308
159.856,1316325
159.893,1316327
159.927,1316308
159.961,1316338
160.003,1316368
160.038,1316368
160.073,1316357
160.114,1316357
160.151,1316349
160.193,1316311
160.23,1316295
160.273,1316287
160.308,1316284
160.35,1316238
160.386,1316181
160.421,1316192
160.463,1316225
160.498,1316222
160.54,1316260
160.578,1316301
160.618,1316301
160.658,1316258
160.697,1316249
160.738,1316244
160.776,1316212
160.817,1316116
160.856,1316042
160.89,1315934
160.925,1315794
160.966,1315670
161,1315586
161.035,1315478
161.077,1315358
161.113,1315209
161.147,1315111
161.189,1314998
161.224,1314878
161.267,1314799
161.305,1314707
161.346,1314604
161.386,1314518
161.426,1314446
161.466,1314383
161.505,1314277
161.545,1314193
161.584,1314126
161.625,1314058
161.664,1313991
161.705,1313959
161.743,1313895
161.784,1313846
161.823,1313797
161.864,1313750
161.902,1313705
161.936,1313658
161.97,1313579
162.013,1313560
162.048,1313509
162.083,1313417
162.123,1313363
162.16,1313311
162.2,1313287
162.239,1313269
162.28,1313242
162.318,1313213
162.36,1313169
162.398,1313122
162.44,1313139
162.476,1313110
162.518,1313094
162.554,1313067
162.597,1313036
162.633,1313031
162.676,1312994
162.711,1312964
162.746,1312950
162.788,1312944
162.823,1312947
162.857,1312932
162.899,1312954
162.934,1312940
162.976,1312900
163.01,1312927
163.045,1312932
163.087,1312932
163.121,1312915
163.156,1312885
163.197,1312900
163.232,1312829
163.27,1312843
163.309,1312819
163.35,1312806
163.388,1312789
163.429,1312760
163.467,1312728
163.502,1312753
163.543,1312720
163.579,1312728
163.613,1312676
163.647,1312693
163.69,1312696
163.724,1312681
163.759,1312664
163.801,1312659
163.836,1312602
163.871,1312577
163.913,1312558
163.947,1312577
163.982,1312584
164.024,1312563
164.059,1312548
164.1,1312563
164.134,1312531
164.169,1312525
164.21,1312506
164.245,1312501
164.279,1312471
164.32,1312457
164.355,1312437
164.396,1312447
164.431,1312447
164.472,1312474
164.51,1312479
164.544,1312518
164.584,1312506
164.62,1312506
164.654,1312496
164.688,1312474
164.73,1312506
164.764,1312501
164.799,1312459
164.841,1312474
164.878,1312435
164.919,1312467
164.956,1312462
164.997,1312442
165.036,1312449
165.076,1312432
165.115,1312395
165.154,1312435
165.194,1312415
165.234,1312419
165.273,1312395
165.313,1312400
165.353,1312400
165.392,1312429
165.433,1312392
165.471,1312383
165.511,1312373
165.551,1312375
165.591,1312353
165.631,1312336
165.671,1312336
165.71,1312341
165.75,1312368
165.787,1312349
165.829,1312358
165.866,1312343
165.901,1312329
165.935,1312332
165.977,1312341
166.012,1312323
166.046,1312309
166.087,1312262
166.121,1312267
166.162,1312289
166.198,1312274
166.24,1312265
166.277,1312279
166.311,1312255
166.345,1312235
166.388,1312233
166.422,1312210
166.457,1312233
166.499,1312220
166.533,1312216
166.571,1312220
166.61,1312198
166.65,1312208
166.689,1312206
166.73,1312203
166.768,1312186
166.809,1312159
166.847,1312157
166.882,1312147
166.923,1312151
166.958,1312147
166.992,1312124
167.027,1312137
167.068,1312151
167.102,1312171
167.137,1312171
167.178,1312168
167.217,1312243
167.256,1312210
167.297,1312198
167.336,1312216
167.376,1312216
167.414,1312176
167.455,1312168
167.493,1312157
167.535,1312161
167.57,1312141
167.612,1312139
167.65,1312141
167.685,1312147
167.719,1312144
167.761,1312164
167.796,1312164
167.83,1312161
167.871,1312151
167.905,1312088
167.944,1312144
167.983,1312147
168.022,1312124
168.062,1312122
168.102,1312117
168.142,1312112
168.181,1312095
168.221,1312053
168.261,1312068
168.3,1312025
168.341,1312006
168.38,1312004
168.42,1311989
168.458,1312001
168.499,1312011
168.537,1312033
168.572,1312053
168.613,1312072
168.649,1312048
168.691,1312071
168.728,1312085
168.77,1312068
168.807,1312065
168.849,1312045
168.886,1312018
168.928,1312011
168.965,1311976
169.006,1311996
169.045,1311992
169.086,1311959
169.122,1311969
169.157,1311935
169.192,1311923
169.233,1311940
169.268,1311908
169.304,1311900
169.344,1311918
169.384,1311908
169.421,1311896
169.463,1311879
169.5,1311876
169.542,1311873
169.58,1311856
169.621,1311870
169.659,1311870
169.694,1311849
169.735,1311826
169.769,1311832
169.804,1311848
169.839,1311843
169.88,1311854
169.915,1311840
169.957,1311851
169.992,1311870
170.034,1311846
170.071,1311840
170.106,1311878
170.147,1311878
170.181,1311897
170.216,1311873
170.258,1311886
170.293,1311906
170.328,1311922
170.368,1311927
170.403,1311924
170.442,1311914
170.478,1311914
170.52,1311922
170.555,1311927
170.59,1311946
170.632,1311941
170.667,1311919
170.702,1311973
170.737,1312050
170.779,1312093
170.814,1312158
170.856,1312242
170.89,1312357
170.927,1312471
170.966,1312571
171.007,1312729
171.046,1312859
171.087,1312971
171.126,1313109
171.167,1313223
171.203,1313321
171.245,1313403
171.282,1313484
171.317,1313598
171.358,1313680
171.393,1313721
171.427,1313829
171.462,1313911
171.505,1313998
171.539,1314033
171.574,1314123
171.615,1314207
171.653,1314291
171.694,1314313
171.732,1314376
171.772,1314398
171.811,1314425
171.852,1314438
171.89,1314495
171.931,1314536
171.97,1314531
172.01,1314520
172.05,1314569
172.088,1314609
172.13,1314650
172.167,1314672
172.209,1314718
172.246,1314751
172.288,1314764
172.326,1314816
172.368,1314849
172.404,1314881
172.439,1314914
172.48,1314916
172.515,1314960
172.55,1314965
172.584,1315006
172.626,1315044
172.66,1315044
172.695,1315080
172.736,1315096
172.774,1315110
172.816,1315123
172.854,1315109
172.894,1315145
172.933,1315169
172.972,1315142
173.013,1315172
173.051,1315172
173.092,1315156
173.13,1315161
173.165,1315145
173.205,1315145
173.241,1315126
173.283,1315112
173.321,1315142
173.362,1315148
173.401,1315177
173.442,1315161
173.48,1315161
173.514,1315202
173.549,1315224
173.589,1315251
173.624,1315232
173.659,1315213
173.7,1315226
173.739,1315229
173.78,1315286
173.818,1315251
173.86,1315240
173.898,1315237
173.939,1315240
173.978,1315248
174.018,1315243
174.058,1315251
174.096,1315240
174.137,1315267
174.174,1315324
174.208,1315357
174.249,1315370
174.286,1315381
174.327,1315392
174.363,1315435
174.398,1315435
174.433,1315446
174.475,1315408
174.509,1315400
174.545,1315387
174.586,1315389
174.625,1315373
174.665,1315354
174.705,1315362
174.743,1315356
174.784,1315351
174.823,1315367
174.858,1315362
174.899,1315381
174.934,1315381
174.968,1315386
175.003,1315435
175.045,1315435
175.08,1315449
175.114,1315454
175.154,1315449
175.193,1315463
175.232,1315449
175.273,1315479
175.31,1315495
175.352,1315479
175.39,1315484
175.424,1315506
175.465,1315509
175.502,1315514
175.536,1315514
175.571,1315558
175.612,1315522
175.647,1315511
175.682,1315517
175.723,1315530
175.76,1315492
175.803,1315468
175.839,1315473
175.881,1315520
175.918,1315476
175.953,1315490
175.995,1315495
176.03,1315503
176.072,1315490
176.11,1315492
176.152,1315517
176.192,1315517
176.23,1315465
176.271,1315468
176.31,1315460
176.351,1315468
176.39,1315446
176.43,1315435
176.47,1315430
176.511,1315438
176.549,1315471
176.59,1315441
176.628,1315454
176.669,1315495
176.707,1315487
176.748,1315520
176.786,1315536
176.828,1315539
176.864,1315533
176.898,1315536
176.933,1315580
176.976,1315590
177.011,1315569
177.046,1315571
177.086,1315550
177.123,1315531
177.165,1315558
177.202,1315566
177.244,1315522
177.281,1315522
177.323,1315506
177.359,1315517
177.401,1315487
177.438,1315512
177.48,1315541
177.517,1315547
177.559,1315533
177.596,1315560
177.638,1315563
177.674,1315558
177.717,1315563
177.753,1315609
177.796,1315612
177.832,1315628
177.874,1315615
177.911,1315615
177.953,1315609
177.989,1315637
178.032,1315664
178.068,1315664
178.111,1315650
178.153,1315634
178.189,1315615
178.223,1315577
178.264,1315596
178.3,1315590
178.334,1315563
178.369,1315558
178.411,1315563
178.445,1315582
178.488,1315639
178.522,1315588
178.564,1315634
178.601,1315628
178.636,1315628
178.677,1315626
178.711,1315617
178.746,1315607
178.781,1315658
178.822,1315585
178.856,1315642
178.893,1315658
178.932,1315628
178.973,1315607
179.011,1315604
179.052,1315579
179.091,1315620
179.131,1315517
179.169,1315509
179.209,1315509
179.248,1315498
179.289,1315509
179.328,1315506
179.368,1315501
179.406,1315525
179.447,1315460
179.483,1315492
179.525,1315506
179.562,1315492
179.597,1315503
179.638,1315506
179.674,1315522
179.708,1315528
179.742,1315517
179.784,1315547
179.819,1315547
179.854,1315552
179.895,1315541
179.931,1315517
179.974,1315520
180.009,1315446
180.052,1315471
180.088,1315482
180.13,1315452
180.166,1315465
180.209,1315424
180.245,1315435
180.279,1315454
180.321,1315490
180.356,1315560
180.39,1315520
180.433,1315435
180.467,1315479
180.502,1315438
180.544,1315520
180.578,1315520
180.613,1315531
180.654,1315495
180.688,1315465
180.724,1315449
180.766,1315506
180.803,1315412
180.845,1315394
180.881,1315292
180.916,1315187
180.958,1315070
180.993,1314950
181.035,1314873
181.073,1314751
181.113,1314617
181.153,1314529
181.191,1314390
181.225,1314270
181.26,1314210
181.303,1314103
181.337,1314022
181.372,1313907
181.413,1313833
181.449,1313759
181.491,1313675
181.528,1313610
181.57,1313546
181.606,1313459
181.641,1313397
181.682,1313356
181.717,1313294
181.752,1313253
181.794,1313208
181.829,1313143
181.863,1313122
181.904,1313069
181.939,1313000
181.973,1312954
182.016,1312887
182.05,1312856
182.088,1312809
182.126,1312753
182.168,1312729
182.205,1312682
182.247,1312663
182.285,1312653
182.32,1312615
182.36,1312569
182.396,1312543
182.43,1312514
182.465,1312523
182.506,1312502
182.541,1312469
182.575,1312459
182.618,1312442
182.653,1312419
182.687,1312406
182.729,1312387
182.764,1312392
182.799,1312318
182.841,1312287
182.876,1312303
182.918,1312282
182.953,1312266
182.987,1312270
183.029,1312258
183.063,1312256
183.098,1312239
183.138,1312222
183.172,1312217
183.215,1312165
183.25,1312150
183.292,1312139
183.327,1312125
183.362,1312125
183.404,1312093
183.438,1312074
183.473,1312105
183.514,1312110
183.549,1312103
183.583,1312072
183.624,1312055
183.658,1312036
183.698,1312038
183.735,1312038
183.776,1312023
183.815,1312015
183.849,1311976
183.89,1311980
183.924,1311973
183.959,1311971
183.993,1311973
184.035,1311957
184.069,1311952
184.104,1311952
184.146,1311952
184.183,1311971
184.225,1311955
184.261,1311962
184.303,1311948
184.339,1311938
184.382,1311923
184.418,1311942
184.46,1311940
184.496,1311935
184.538,1311935
184.575,1311923
184.609,1311948
184.651,1311979
184.686,1311940
184.72,1311955
184.763,1311938
184.797,1311940
184.832,1311945
184.873,1311895
184.907,1311905
184.942,1311883
184.984,1311873
185.018,1311909
185.055,1311876
185.095,1311852
185.135,1311820
185.174,1311803
185.214,1311806
185.254,1311828
185.293,1311842
185.333,1311825
185.373,1311813
185.413,1311804
185.452,1311816
185.492,1311849
185.532,1311796
185.569,1311811
185.61,1311775
185.648,1311743
185.682,1311735
185.723,1311735
185.759,1311770
185.793,1311756
185.828,1311696
185.87,1311743
185.904,1311742
185.939,1311736
185.981,1311727
186.017,1311703
186.06,1311684
186.096,1311667
186.131,1311665
186.172,1311686
186.207,1311667
186.249,1311665
186.287,1311650
186.328,1311665
186.369,1311684
186.407,1311679
186.448,1311675
186.487,1311660
186.527,1311615
186.566,1311600
186.607,1311589
186.646,1311607
186.686,1311596
186.726,1311545
186.767,1311548
186.803,1311567
186.837,1311569
186.872,1311615
186.914,1311612
186.948,1311596
186.983,1311581
187.026,1311583
187.061,1311612
187.095,1311625
187.137,1311617
187.172,1311615
187.207,1311617
187.249,1311639
187.283,1311655
187.326,1311662
187.36,1311662
187.395,1311665
187.436,1311677
187.47,1311617
187.505,1311605
187.548,1311569
187.582,1311538
187.622,1311509
187.657,1311505
187.699,1311495
187.735,1311509
187.77,1311483
187.811,1311483
187.846,1311505
187.88,1311523
187.915,1311529
187.957,1311557
187.992,1311529
188.027,1311516
188.069,1311486
188.107,1311469
188.148,1311490
188.186,1311486
188.227,1311464
188.266,1311466
188.305,1311420
188.345,1311435
188.385,1311447
188.425,1311427
188.464,1311427
188.504,1311426
188.543,1311397
188.584,1311412
188.623,1311390
188.663,1311459
188.702,1311455
188.743,1311416
188.782,1311430
188.823,1311430
188.861,1311416
188.901,1311385
188.94,1311361
188.981,1311352
189.019,1311292
189.06,1311272
189.099,1311289
189.14,1311282
189.178,1311280
189.22,1311289
189.258,1311332
189.299,1311309
189.337,1311309
189.379,1311303
189.416,1311316
189.451,1311318
189.492,1311320
189.526,1311318
189.561,1311302
189.596,1311313
189.638,1311330
189.672,1311352
189.708,1311363
189.75,1311346
189.786,1311325
189.829,1311316
189.865,1311306
189.9,1311287
189.941,1311217
189.977,1311231
190.011,1311245
190.053,1311253
190.087,1311266
190.122,1311269
190.162,1311285
190.197,1311280
190.232,1311310
190.273,1311370
190.308,1311381
190.348,1311375
190.384,1311318
190.426,1311304
190.462,1311312
190.497,1311364
190.538,1311438
190.573,1311478
190.608,1311525
190.642,1311609
190.683,1311685
190.717,1311837
190.754,1311957
190.793,1312109
190.834,1312196
190.873,1312302
190.915,1312430
190.953,1312538
190.995,1312631
191.031,1312729
191.073,1312797
191.111,1312930
191.153,1313025
191.188,1313098
191.223,1313169
191.265,1313237
191.3,1313313
191.334,1313386
191.369,1313416
191.411,1313530
191.446,1313574
191.481,1313598
191.522,1313663
191.561,1313718
191.6,1313775
191.641,1313843
191.679,1313875
191.721,1313938
191.759,1313954
191.801,1313965
191.838,1314060
191.872,1314093
191.913,1314109
191.948,1314142
191.983,1314144
192.018,1314226
192.06,1314288
192.094,1314318
192.129,1314383
192.171,1314362
192.208,1314383
192.242,1314427
192.285,1314435
192.32,1314489
192.354,1314473
192.397,1314484
192.432,1314514
192.473,1314517
192.508,1314549
192.542,1314549
192.584,1314574
192.619,1314612
192.661,1314601
192.695,1314604
192.73,1314604
192.771,1314634
192.806,1314680
192.848,1314677
192.883,1314720
192.918,1314699
192.96,1314701
192.995,1314726
193.03,1314726
193.064,1314748
193.105,1314734
193.14,1314698
193.177,1314723
193.216,1314671
193.256,1314704
193.295,1314699
193.336,1314674
193.375,1314715
193.416,1314715
193.454,1314712
193.495,1314710
193.532,1314658
193.574,1314721
193.612,1314712
193.646,1314701
193.687,1314737
193.722,1314726
193.757,1314710
193.799,1314704
193.834,1314688
193.869,1314739
193.909,1314780
193.944,1314791
193.981,1314786
194.02,1314756
194.061,1314772
194.1,1314832
194.141,1314851
194.179,1314897
194.22,1314883
194.256,1314848
194.291,1314845
194.332,1314859
194.367,1314881
194.401,1314845
194.436,1314821
194.479,1314797
194.513,1314772
194.556,1314772
194.59,1314756
194.628,1314745
194.666,1314745
194.708,1314729
194.745,1314753
194.787,1314761
194.825,1314807
194.859,1314837
194.9,1314843
194.935,1314848
194.97,1314856
195.005,1314862
195.046,1314892
195.08,1314886
195.117,1314862
195.157,1314862
195.197,1314826
195.237,1314835
195.276,1314810
195.316,1314797
195.356,1314810
195.393,1314805
195.435,1314835
195.473,1314835
195.515,1314824
195.551,1314864
195.593,1314835
195.631,1314840
195.666,1314829
195.707,1314816
195.743,1314821
195.777,1314778
195.812,1314808
195.854,1314797
195.889,1314813
195.924,1314816
195.966,1314832
196.003,1314873
196.046,1314886
196.082,1314846
196.124,1314854
196.161,1314840
196.203,1314816
196.24,1314788
196.282,1314794
196.319,1314816
196.361,1314786
196.398,1314786
196.44,1314802
196.476,1314807
196.519,1314835
196.555,1314846
196.597,1314829
196.634,1314867
196.676,1314848
196.713,1314864
196.756,1314864
196.792,1314859
196.835,1314837
196.871,1314791
196.913,1314799
196.951,1314799
196.992,1314786
197.031,1314786
197.071,1314775
197.11,1314797
197.151,1314832
197.19,1314835
197.228,1314875
197.27,1314886
197.308,1314886
197.343,1314881
197.384,1314875
197.42,1314905
197.454,1314911
197.489,1314908
197.532,1314927
197.566,1314905
197.601,1314894
197.641,1314886
197.68,1314854
197.719,1314870
197.76,1314881
197.797,1314865
197.839,1314862
197.876,1314867
197.911,1314862
197.953,1314875
197.987,1314873
198.029,1314903
198.064,1314913
198.099,1314873
198.134,1314862
198.174,1314873
198.209,1314865
198.246,1314886
198.285,1314900
198.327,1314903
198.363,1314886
198.404,1314865
198.44,1314884
198.475,1314900
198.516,1314859
198.551,1314848
198.585,1314854
198.62,1314807
198.662,1314843
198.697,1314851
198.732,1314881
198.772,1314873
198.812,1314851
198.852,1314867
198.892,1314892
198.931,1314832
198.972,1314873
199.01,1314848
199.051,1314835
199.088,1314791
199.123,1314772
199.163,1314789
199.2,1314791
199.242,1314775
199.28,1314788
199.321,1314767
199.359,1314769
199.401,1314794
199.439,1314777
199.481,1314802
199.519,1314796
199.561,1314777
199.599,1314764
199.64,1314788
199.678,1314802
199.712,1314788
199.747,1314772
199.789,1314756
199.823,1314739
199.858,1314734
199.899,1314734
199.937,1314753
199.979,1314786
200.017,1314742
200.057,1314734
200.1,1314731
200.136,1314753
200.17,1314737
200.205,1314691
200.245,1314666
200.28,1314683
200.314,1314639
200.356,1314669
200.39,1314707
200.431,1314720
200.467,1314734
200.509,1314731
200.545,1314750
200.579,1314758
200.62,1314718
200.655,1314658
200.689,1314594
200.724,1314502
200.766,1314404
200.8,1314306
200.835,1314183
200.876,1314084
200.912,1313976
200.955,1313878
200.991,1313803
201.025,1313725
201.067,1313634
201.102,1313546
201.137,1313473
201.179,1313411
201.214,1313331
201.256,1313269
201.29,1313181
201.325,1313096
201.367,1313004
201.402,1312936
201.436,1312883
201.478,1312796
201.512,1312741
201.554,1312700
201.589,1312617
201.631,1312572
201.667,1312521
201.702,1312483
201.742,1312425
201.778,1312372
201.813,1312356
201.847,1312334
201.889,1312270
201.924,1312238
201.967,1312178
202.001,1312162
202.037,1312143
202.078,1312118
202.117,1312094
202.158,1312047
202.197,1312009
202.237,1311999
202.276,1312009
202.316,1311988
202.356,1311963
202.395,1311979
202.436,1311972
202.473,1311924
202.515,1311924
202.553,1311919
202.587,1311892
202.628,1311858
202.663,1311835
202.697,1311791
202.732,1311737
202.773,1311764
202.808,1311789
202.844,1311754
202.884,1311750
202.923,1311757
202.963,1311753
203.003,1311741
203.041,1311748
203.082,1311718
203.119,1311640
203.153,1311597
203.194,1311597
203.23,1311569
203.272,1311546
203.309,1311524
203.35,1311528
203.388,1311508
203.43,1311489
203.468,1311508
203.51,1311530
203.548,1311521
203.588,1311524
203.626,1311528
203.668,1311533
203.705,1311519
203.746,1311540
203.784,1311546
203.825,1311526
203.864,1311508
203.905,1311498
203.942,1311481
203.976,1311481
204.011,1311501
204.054,1311472
204.088,1311444
204.123,1311441
204.165,1311449
204.2,1311450
204.235,1311446
204.277,1311437
204.312,1311424
204.354,1311417
204.392,1311424
204.433,1311430
204.473,1311421
204.512,1311412
204.553,1311405
204.591,1311369
204.633,1311373
204.669,1311376
204.703,1311332
204.738,1311357
204.781,1311338
204.815,1311334
204.85,1311332
204.891,1311345
204.929,1311400
204.971,1311375
205.008,1311359
205.042,1311365
205.084,1311354
205.119,1311349
205.162,1311338
205.201,1311341
205.241,1311350
205.282,1311304
205.321,1311306
205.362,1311281
205.4,1311284
205.441,1311284
205.48,1311297
205.521,1311322
205.56,1311304
205.6,1311247
205.639,1311256
205.679,1311274
205.719,1311295
205.76,1311279
205.799,1311284
205.839,1311263
205.878,1311229
205.919,1311208
205.956,1311236
205.99,1311249
206.024,1311224
206.067,1311227
206.101,1311201
206.136,1311144
206.177,1311125
206.215,1311123
206.256,1311109
206.294,1311087
206.336,1311057
206.374,1311061
206.414,1311043
206.453,1311048
206.494,1311052
206.533,1311083
206.572,1311083
206.612,1311112
206.651,1311137
206.692,1311132
206.73,1311135
206.772,1311131
206.81,1311141
206.852,1311172
206.889,1311103
206.931,1311091
206.969,1311080
207.01,1311041
207.049,1311064
207.09,1311057
207.127,1311048
207.168,1311029
207.207,1311045
207.241,1311103
207.282,1311121
207.319,1311108
207.353,1311099
207.387,1311084
207.43,1311039
207.465,1311052
207.5,1311076
207.54,1311057
207.578,1311051
207.619,1311060
207.656,1311068
207.698,1311083
207.735,1311101
207.778,1311121
207.813,1311109
207.856,1311096
207.892,1311096
207.927,1311108
207.969,1311087
208.004,1311077
208.045,1311073
208.084,1311075
208.125,1311087
208.165,1311059
208.204,1311067
208.244,1311048
208.283,1311023
208.325,1311023
208.363,1311018
208.404,1311018
208.441,1310979
208.475,1310988
208.51,1310970
208.549,1310938
208.584,1310947
208.621,1310915
208.661,1310904
208.7,1310906
208.74,1310896
208.78,1310911
208.82,1310906
208.86,1310943
208.898,1310950
208.939,1310943
208.977,1310972
209.019,1310931
209.055,1310908
209.09,1310927
209.131,1310918
209.166,1310904
209.2,1310876
209.235,1310883
209.277,1310883
209.312,1310881
209.347,1310918
209.389,1310956
209.426,1310904
209.467,1310892
209.504,1310911
209.546,1310920
209.583,1310895
209.624,1310879
209.661,1310856
209.703,1310864
209.741,1310870
209.782,1310854
209.821,1310860
209.861,1310835
209.9,1310835
209.941,1310863
209.98,1310842
210.021,1310842
210.06,1310828
210.1,1310799
210.14,1310826
210.178,1310826
210.22,1310816
210.258,1310812
210.299,1310768
210.338,1310755
210.379,1310746
210.417,1310758
210.458,1310764
210.497,1310762
210.537,1310750
210.576,1310755
210.617,1310750
210.654,1310746
210.696,1310774
210.734,1310787
210.775,1310746
210.813,1310730
210.847,1310705
210.888,1310743
210.923,1310606
